ID	Language_ID	Parameter_ID	Form	Segments	BorrowedScore	Essential	Borrowability
39-1-1-1	39	1-100	j’áh	ɟ’ á h	0.0	False	0.401886792453
39-1-21-1	39	1-210	j’áh	ɟ’ á h	0.0	False	0.268285123967
39-1-212-1	39	1-212	m’ǎj’	m’ ǎ ɟ’	0.0	True	0.0999346120314
39-1-213-1	39	1-213	mɔy j’ɨ̌k	m ɔ j # ɟ’ ɨ̌ k	0.0	False	0.233766233766
39-1-214-1	39	1-214	b’ɔ̌k	b’ ɔ̌ k	0.0	False	0.153973509934
39-1-215-1	39	1-215	wæg yɔ̌h	w æ g # j ɔ̌ h	0.0	True	0.0994475138122
39-1-22-1	39	1-220	pǎç	p ǎ ç	0.0	False	0.173913043478
39-1-222-1	39	1-222	pǎç	p ǎ ç	0.0	False	0.165760869565
39-1-23-1	39	1-230	hohód	h o h ó d	0.0	False	0.260073260073
39-1-25-1	39	1-250	pód	p ó d	0.0	False	0.387978142077
39-1-27-1	39	1-270	deh pə̌w	d e h # p ə̌ w	0.0	False	0.153273809524
39-1-28-1	39	1-280	pǎç mɔy	p ǎ ç # m ɔ j	0.0	False	0.195054945055
39-1-31-1	39	1-310	děh	d ě h	0.0	True	0.0911062906725
39-1-324-1	39	1-324	pǔh	p ǔ h	0.0	False	0.148936170213
39-1-33-1	39	1-330	mɔ́h	m ɔ́ h	0.0	False	0.21472392638
39-1-35-1	39	1-350	ʔaʔáb	ʔ a ʔ á b	0.0	False	0.133522727273
39-1-35-2	39	1-350	capáw’	c a p á w’	0.0	False	0.133522727273
39-1-36-1	39	1-360	dehmí	d e h m í	0.0	False	0.223816355811
39-1-36-2	39	1-360	má	m á	1.0	False	0.223816355811
39-1-362-1	39	1-362	wɔ̃wɔ̃´y’	w ɔ̃ w ɔ̃´ j’	0.0	False	0.0975609756098
39-1-37-1	39	1-370	děh mɔy	d ě h # m ɔ j	0.0	False	0.205426356589
39-1-38-1	39	1-380	b’ɔ̌k	b’ ɔ̌ k	0.0	False	0.208737864078
39-1-39-1	39	1-390	hǔh	h ǔ h	0.0	False	0.224719101124
39-1-41-1	39	1-410	j’ǔg	ɟ’ ǔ g	0.0	False	0.1646884273
39-1-41-2	39	1-410	hǎy	h ǎ j	0.0	False	0.1646884273
39-1-43-1	39	1-430	těg	t ě g	0.0	True	0.140122511485
39-1-44-1	39	1-440	pǎç	p ǎ ç	0.0	True	0.105
39-1-45-1	39	1-450	j’áh y’ũy’ũ´y’	ɟ’ á h # j’ ũ j’ ũ´ j’	0.0	False	0.25
39-1-51-1	39	1-510	pǎç	p ǎ ç	0.0	False	0.273542600897
39-1-52-1	39	1-520	wædhɔ́	w æ dh ɔ́	0.0	True	0.13900203666
39-1-53-1	39	1-530	wædhɔ́	w æ dh ɔ́	0.0	True	0.284198113208
39-1-54-1	39	1-540	wædhɔm’æ̌h	w æ dh ɔ m’ æ̌ h	0.0	True	0.1703187251
39-1-55-1	39	1-550	cə́p	c ə́ p	0.0	False	0.16
39-1-56-1	39	1-560	pæ̃y	p æ̃ j	0.0	False	0.104247104247
39-1-57-1	39	1-570	pæ̃y	p æ̃ j	0.0	False	0.255681818182
39-1-58-1	39	1-580	bohǒt pɨ́b	b o h ǒ t # p ɨ́ b	0.0	False	0.235401459854
39-1-59-1	39	1-590	cɔ́	c ɔ́	0.0	False	0.136363636364
39-1-61-1	39	1-610	b’ág	b’ á g	0.0	False	0.208632834963
39-1-62-1	39	1-620	baʔtúk	b a ʔ t ú k	0.0	False	0.147272727273
39-1-63-1	39	1-630	nɨ́m	n ɨ́ m	0.0	True	0.112745098039
39-1-64-1	39	1-640	wædhɔm’æ̌h nɔcáw	w æ dh ɔ m’ æ̌ h # n ɔ c á w	0.0	False	0.163822525597
39-1-64-2	39	1-640	paç náŋ	p a ç # n á ŋ	0.0	False	0.163822525597
39-1-72-1	39	1-720	bohót	b o h ó t	0.0	True	0.171739130435
39-1-73-1	39	1-730	j’ɨk kudú	ɟ’ ɨ k # k u d ú	0.0	True	0.164705882353
39-1-74-1	39	1-740	j’ɨ̌k	ɟ’ ɨ̌ k	0.0	False	0.140625
39-1-75-1	39	1-750	děh	d ě h	0.0	True	0.0836776859504
39-1-77-1	39	1-770	cédu	c é d u	1.0	False	0.230769230769
39-1-77-2	39	1-770	děh m’ǽ	d ě h # m’ ǽ	0.0	False	0.230769230769
39-1-81-1	39	1-810	teg hɔ̃	t e g # h ɔ̃	0.0	True	0.0354578882858
39-1-82-1	39	1-820	teg hɔ̃	t e g # h ɔ̃	0.0	False	0.180036930652
39-1-83-1	39	1-830	j’ɨ̌k	ɟ’ ɨ̌ k	0.0	True	0.0840517241379
39-1-84-1	39	1-840	teg hɔ́w	t e g # h ɔ́ w	0.0	True	0.147058823529
39-1-841-1	39	1-841	teg hɔ̃	t e g # h ɔ̃	0.0	False	0.247933884298
39-1-851-1	39	1-851	tujd’ak-	t u ɟ d’ a k	0.0	False	0.0997854077253
39-1-852-1	39	1-852	hɔ̃-	h ɔ̃	0.0	True	0.0493827160494
39-1-86-1	39	1-860	tujd’ak-	t u ɟ d’ a k	0.0	False	0.0621761658031
39-1-86-2	39	1-860	tǝʔ-	t ǝ ʔ	0.0	False	0.0621761658031
39-1-861-1	39	1-861	d’ɔk-	d’ ɔ k	0.0	False	0.147585345545
39-1-87-1	39	1-870	teg cáʔ	t e g # c á ʔ	0.0	False	0.6689453125
39-1-88-1	39	1-880	těg	t ě g	0.0	False	0.0491028128031
39-1-89-1	39	1-890	teg cə̌h	t e g # c ə̌ h	0.0	False	0.258823529412
39-2-1-1	39	2-100	húp	h ú p	0.0	True	0.32299270073
39-2-21-1	39	2-210	tiyǐʔ	t i j ǐ ʔ	0.0	True	0.0962877030162
39-2-22-1	39	2-220	tãʔáy	t ã ʔ á j	0.0	True	0.157498824636
39-2-23-1	39	2-230	tiyǐʔ	t i j ǐ ʔ	0.0	False	0.189476168004
39-2-24-1	39	2-240	tãʔáy	t ã ʔ á j	0.0	False	0.157597876576
39-2-25-1	39	2-250	tiyiʔ dóʔ	t i j i ʔ # d ó ʔ	0.0	False	0.169642857143
39-2-251-1	39	2-251	-pæcǽw	p æ c ǽ w	0.0	False	0.243203883495
39-2-26-1	39	2-260	tãʔãy dóʔ	t ã ʔ ã j # d ó ʔ	0.0	False	0.142448512586
39-2-261-1	39	2-261	taʔacáw	t a ʔ a c á w	0.0	False	0.17094017094
39-2-27-1	39	2-270	-dóʔ	d ó ʔ	0.0	False	0.154699738903
39-2-28-1	39	2-280	hɔ̃wǽ	h ɔ̃ w ǽ	0.75	False	0.221811460259
39-2-31-1	39	2-310	tæ̃hʔíp	t æ̃ h ʔ í p	0.0	False	0.199845480299
39-2-32-1	39	2-320	tæ̃hʔín	t æ̃ h ʔ í n	0.0	False	0.183438155136
39-2-33-1	39	2-330	dapũh j’ɨ̃p-	d a p ũ h # ɟ’ ɨ̃ p	0.0	False	0.139645776567
39-2-33-2	39	2-330	d’oʔ-	d’ o ʔ	0.0	False	0.139645776567
39-2-34-1	39	2-340	dapũh j’ɨ̃p wág	d a p ũ h # ɟ’ ɨ̃ p # w á g	0.0	False	0.252808988764
39-2-35-1	39	2-350	ʔíp	ʔ í p	0.0	False	0.251601774273
39-2-36-1	39	2-360	ʔín	ʔ í n	0.0	False	0.194662480377
39-2-41-1	39	2-410	tæ̃´h	t æ̃´ h	0.0	False	0.111888111888
39-2-42-1	39	2-420	tóg	t ó g	0.0	False	0.117391304348
39-3-662-1	39	3-662	tǎy	t ǎ j	0.0	False	0.554347826087
39-2-43-1	39	2-430	tæ̃´h	t æ̃´ h	0.0	True	0.0709459459459
39-2-44-1	39	2-440	báb’	b á b’	0.5	False	0.063270832029
39-2-444-1	39	2-444	cə̌t	c ə̌ t	0.0	False	0.0628418214226
39-2-445-1	39	2-445	yãwám	j ã w á m	0.0	False	0.0308275018683
39-2-45-1	39	2-450	ʔũhʔãy	ʔ ũ h ʔ ã j	0.0	False	0.117514603896
39-2-454-1	39	2-454	cǝtʔãy	c ǝ t ʔ ã j	0.0	False	0.05502417729
39-2-455-1	39	2-455	yãwãmʔãy	j ã w ã m ʔ ã j	0.0	False	0.0111165383773
39-2-455-2	39	2-455	babmã´y	b a b m ã´ j	0.0	False	0.0111165383773
39-2-456-1	39	2-456	báb’	b á b’	0.5	False	0.170645125224
39-2-456-2	39	2-456	ʔũˇh	ʔ ũ ˇh	0.0	False	0.170645125224
39-2-458-1	39	2-458	báb’d’ǝh	b á b’ d’ ǝ h	0.0	False	0.230079681275
39-2-46-1	39	2-460	ʔǔw	ʔ ǔ w	0.0	False	0.266843971631
39-2-461-1	39	2-461	-wǝhə́d	w ǝ h ə́ d	0.0	False	0.229511970534
39-2-47-1	39	2-470	ʔɔ́h	ʔ ɔ́ h	0.0	False	0.271452145215
39-2-471-1	39	2-471	-wá	w á	0.0	False	0.187074829932
39-2-48-1	39	2-480	dú	d ú	0.0	False	0.0951248513674
39-2-49-1	39	2-490	dú	d ú	0.0	False	0.10456796918
39-2-511-1	39	2-511	g’ɔ́t	g’ ɔ́ t	0.0	False	0.21123767426
39-2-512-1	39	2-512	pã´ç	p ã´ ç	0.0	False	0.215423606083
39-2-521-1	39	2-521	ʔinhã´ç	ʔ i n h ã´ ç	0.0	False	0.21676300578
39-2-522-1	39	2-522	pæ̃ʔǽy’	p æ̃ ʔ ǽ j’	0.0	False	0.277013076394
39-2-53-1	39	2-530	tæ̃´h	t æ̃´ h	0.0	False	0.189051918736
39-2-54-1	39	2-540	tóg	t ó g	0.0	False	0.145631067961
39-2-55-1	39	2-550	báb’	b á b’	0.5	False	0.124176857949
39-2-56-1	39	2-560	dúd’ǝh	d ú d’ ǝ h	0.0	False	0.278481012658
39-2-57-1	39	2-570	dúd’ǝh	d ú d’ ǝ h	0.0	False	0.345454545455
39-2-61-1	39	2-610	g’ɔ́t	g’ ɔ́ t	0.0	False	0.125486381323
39-2-611-1	39	2-611	g’ɔ́t	g’ ɔ́ t	0.0	False	0.169769409774
39-2-62-1	39	2-620	pæ̃ʔǽy’	p æ̃ ʔ ǽ j’	0.0	False	0.121737746658
39-2-62-2	39	2-620	tæ̃hʔɔ̌h	t æ̃ h ʔ ɔ̌ h	0.0	False	0.121737746658
39-2-621-1	39	2-621	pæ̃ʔǽy’	p æ̃ ʔ ǽ j’	0.0	False	0.188972513089
39-2-621-2	39	2-621	tæ̃hʔɔ̌h	t æ̃ h ʔ ɔ̌ h	0.0	False	0.188972513089
39-2-63-1	39	2-630	togtúg	t o g t ú g	0.0	False	0.204086718166
39-2-631-1	39	2-631	togtúg	t o g t ú g	0.0	False	0.218113834649
39-2-64-1	39	2-640	tæ̃hʔǽm	t æ̃ h ʔ ǽ m	0.0	False	0.0939818631492
39-2-641-1	39	2-641	tæ̃hʔǽm	t æ̃ h ʔ ǽ m	0.0	False	0.116810877627
39-2-71-1	39	2-710	ʔintúg	ʔ i n t ú g	0.0	False	0.118403837767
39-2-72-1	39	2-720	ʔipʔǽm	ʔ i p ʔ ǽ m	0.0	False	0.140077821012
39-2-73-1	39	2-730	ʔæmtæ̃h	ʔ æ m t æ̃ h	0.0	False	0.75
39-2-74-1	39	2-740	ʔæmtóg	ʔ æ m t ó g	0.0	False	0.0970812182741
39-2-81-1	39	2-810	báb’d’ǝh	b á b’ d’ ǝ h	0.0	False	0.398592283629
39-2-91-1	39	2-910	ʔãh	ʔ ã h	0.0	True	0.0296610169492
39-2-92-1	39	2-920	ʔám	ʔ á m	0.0	True	0.0416666666667
39-2-93-1	39	2-930	tɨ́h	t ɨ́ h	0.0	True	0.0
39-2-94-1	39	2-940	ʔɨ́n	ʔ ɨ́ n	0.0	True	0.00882352941176
39-2-941-1	39	2-941	ʔɨ́n	ʔ ɨ́ n	0.0	False	0.0
39-2-942-1	39	2-942	ʔɨ́n	ʔ ɨ́ n	0.0	False	0.0
39-2-95-1	39	2-950	nɨ́ŋ	n ɨ́ ŋ	0.0	False	0.0380952380952
39-2-96-1	39	2-960	hɨ́d	h ɨ́ d	0.0	False	0.0741525423729
39-3-11-1	39	3-110	hũ´	h ũ´	0.0	False	0.456140350877
39-3-12-1	39	3-120	tiyǐʔ	t i j ǐ ʔ	0.0	False	0.168918918919
39-3-13-1	39	3-130	tãʔáy	t ã ʔ á j	0.0	False	0.117414248021
39-3-15-1	39	3-150	bɨ́	b ɨ́	0.0	False	0.276483050847
39-3-19-1	39	3-190	tǎh mɔy	t ǎ h # m ɔ j	0.0	False	0.252717391304
39-3-2-1	39	3-200	tǎhd’ǝh	t ǎ h d’ ǝ h	0.0	False	0.319884726225
39-3-21-1	39	3-210	tǎh	t ǎ h	0.0	False	0.308917197452
39-3-22-1	39	3-220	tǎh	t ǎ h	0.0	False	0.488095238095
39-3-23-1	39	3-230	tǎh	t ǎ h	0.0	False	0.300230946882
39-3-24-1	39	3-240	tǎh	t ǎ h	0.0	False	0.209708737864
39-3-32-1	39	3-320	tɔ̃´h	t ɔ̃´ h	0.0	False	0.227678571429
39-3-34-1	39	3-340	tɔ̃´h	t ɔ̃´ h	0.0	False	0.138157894737
39-3-35-1	39	3-350	tɔ̃´h	t ɔ̃´ h	0.0	False	0.303135888502
39-3-41-1	39	3-410	kawádu	k a w á d u	1.0	False	0.573705179283
39-3-42-1	39	3-420	kawádu	k a w á d u	1.0	False	0.313106796117
39-3-44-1	39	3-440	kawádu	k a w á d u	1.0	False	0.266497461929
39-3-45-1	39	3-450	kawádu	k a w á d u	1.0	False	0.210526315789
39-3-52-1	39	3-520	cadakǎʔ	c a d a k ǎ ʔ	1.0	False	0.298901098901
39-3-54-1	39	3-540	cadakǎʔ	c a d a k ǎ ʔ	1.0	False	0.128361858191
39-3-55-1	39	3-550	cadakǎʔ	c a d a k ǎ ʔ	1.0	False	0.372122762148
39-3-57-1	39	3-570	pátu	p á t u	1.0	False	0.461538461538
39-3-58-1	39	3-580	hũtæ̃h cáʔ	h ũ t æ̃ h # c á ʔ	0.0	False	0.125
39-3-581-1	39	3-581	hũtæ̃´h	h ũ t æ̃´ h	0.0	True	0.158181818182
39-3-583-1	39	3-583	bohów’	b o h ó w’	0.0	False	0.203947368421
39-3-585-1	39	3-585	wǐh	w ǐ h	0.0	False	0.159793814433
39-3-586-1	39	3-586	wã´ʔ	w ã´ ʔ	0.0	False	0.110294117647
39-3-591-1	39	3-591	cɨʔb’ɨ́h	c ɨ ʔ b’ ɨ́ h	0.0	False	0.222826086957
39-3-592-1	39	3-592	yǎk	j ǎ k	0.0	False	0.5
39-3-594-1	39	3-594	wɔhwěw	w ɔ h + w ě w	0.0	False	0.262820512821
39-3-596-1	39	3-596	pǝpə́p	p ǝ p ə́ p	0.0	False	0.15350877193
39-3-596-2	39	3-596	cǔk	c ǔ k	0.0	False	0.15350877193
39-3-61-1	39	3-610	yaʔamhóʔ	j a ʔ a m + h ó ʔ	0.0	True	0.161616161616
39-3-62-1	39	3-620	picána	p i c á n a	1.0	False	0.344186046512
39-3-622-1	39	3-622	caʔmáy	c a ʔ m á j	0.0	False	0.476744186047
39-3-63-1	39	3-630	bǐʔ	b ǐ ʔ	0.75	False	0.177165354331
39-3-65-1	39	3-650	hɔ̃ˇp	h ɔ̃ˇ p	0.0	True	0.145161290323
39-3-652-1	39	3-652	cɨ̃cɨ́n	c ɨ̃ c ɨ́ n	0.0	False	0.0678391959799
39-3-653-1	39	3-653	péc	p é c	0.0	False	0.208333333333
39-3-654-1	39	3-654	cecěw	c e c ě w	0.0	False	0.194915254237
39-3-655-1	39	3-655	b’ɔ́k	b’ ɔ́ k	0.0	False	0.209375
39-3-664-1	39	3-664	j’æ̌ʔ	ɟ’ æ̌ ʔ	0.0	False	0.238636363636
39-3-665-1	39	3-665	cuʔbút	c u ʔ b ú t	0.0	False	0.171875
39-3-75-1	39	3-750	mɔ̃hɔ̌y	m ɔ̃ h ɔ̌ j	0.0	False	0.146706586826
39-3-76-1	39	3-760	tǔg	t ǔ g	0.0	False	0.333333333333
39-3-76-2	39	3-760	yawǎç	j a w ǎ ç	0.0	False	0.333333333333
39-3-811-1	39	3-811	næ̌m	n æ̌ m	0.0	True	0.0493421052632
39-3-812-1	39	3-812	næm típ	n æ m # t í p	0.0	False	0.0479452054795
39-3-813-1	39	3-813	n’ang’ɔ́b	n’ a n g’ ɔ́ b	0.0	False	0.0705882352941
39-3-814-1	39	3-814	cǎy	c ǎ j	0.0	False	0.141025641026
39-3-815-1	39	3-815	cə́ʔ	c ə́ ʔ	0.0	False	0.324324324324
39-3-816-1	39	3-816	dadáp	d a d á p	0.0	False	0.363095238095
39-3-817-1	39	3-817	yǔy	j ǔ j	0.0	True	0.12
39-3-817-2	39	3-817	hǔd	h ǔ d	0.0	True	0.12
39-3-817-3	39	3-817	bobób	b o b ó b	0.0	True	0.12
39-3-818-1	39	3-818	bɔyɔ́ʔ	b ɔ j ɔ́ ʔ	0.0	False	0.252747252747
39-3-819-1	39	3-819	bɔyɔʔ yág	b ɔ j ɔ ʔ # j á g	0.0	False	0.0833333333333
39-3-82-1	39	3-820	næŋʔã´w	n æ ŋ ʔ ã´ w	0.0	False	0.139830508475
39-3-821-1	39	3-821	næ̌ŋ cak	n æ̌ ŋ # c a k	0.0	False	0.100746268657
39-3-822-1	39	3-822	næ̌ŋ b’ak	n æ̌ ŋ # b’ a k	0.0	False	0.133757961783
39-3-823-1	39	3-823	yɔ̌ʔ	j ɔ̌ ʔ	0.0	False	0.15969581749
39-3-83-1	39	3-830	wowǒw	w o w ǒ w	0.0	False	0.0519230769231
39-3-83-2	39	3-830	bə́g	b ə́ g	0.0	False	0.0519230769231
39-3-831-1	39	3-831	húʔ	h ú ʔ	0.0	False	0.0833333333333
39-3-832-1	39	3-832	g’í	g’ í	0.0	False	0.215909090909
39-3-84-1	39	3-840	m’ɨ́ʔ	m’ ɨ́ ʔ	0.0	False	0.124309392265
39-3-85-1	39	3-850	m’æ̌h	m’ æ̌ h	0.0	False	0.154228855721
39-3-85-2	39	3-850	tɨ̃hɨ̃´y	t ɨ̃ h ɨ̃´ j	0.0	False	0.154228855721
39-3-91-1	39	3-910	kedó	k e d ó	1.0	False	0.0972222222222
39-3-91-2	39	3-910	huhǔy	h u h ǔ j	0.0	False	0.0972222222222
39-3-92-1	39	3-920	b’eb’ěp	b’ e b’ ě p	0.0	False	0.140449438202
39-3-93-1	39	3-930	cũ´c	c ũ´ c	0.0	False	0.105555555556
39-3-93-2	39	3-930	tə́t	t ə́ t	0.0	False	0.105555555556
39-3-94-1	39	3-940	g’ɔ̃´j	g’ ɔ̃´ ɟ	0.0	False	0.209044368601
39-3-95-1	39	3-950	j’ǎy	ɟ’ ǎ j	0.0	False	0.224598930481
39-3-95-2	39	3-950	yə́h	j ə́ h	0.0	False	0.224598930481
39-3-96-1	39	3-960	ʔɔ́w	ʔ ɔ́ w	0.0	False	0.232673267327
39-3-97-1	39	3-970	hǎt	h ǎ t	0.0	False	0.533333333333
39-3-98-1	39	3-980	mǐh	m ǐ h	0.0	False	0.244791666667
39-4-11-1	39	4-110	cáp	c á p	0.0	False	0.187835420394
39-4-12-1	39	4-120	b’ɔ́k	b’ ɔ́ k	0.0	True	0.110978520286
39-4-13-1	39	4-130	d’áp	d’ á p	0.0	False	0.14553314121
39-4-14-1	39	4-140	pã´t	p ã´ t	0.0	False	0.056421830119
39-4-142-1	39	4-142	nɔcúg	n ɔ c ú g	0.0	False	0.168539325843
39-4-144-1	39	4-144	pã´t	p ã´ t	0.0	False	0.123790552077
39-4-145-1	39	4-145	cán	c á n	0.0	False	0.173594709495
39-4-146-1	39	4-146	nuh pohów’	n u h # p o h ó w’	0.0	False	0.2625
39-4-15-1	39	4-150	biyǐw	b i j ǐ w	0.0	True	0.0957446808511
39-4-151-1	39	4-151	j’ɨ̃j’ɨ̃´p	ɟ’ ɨ̃ ɟ’ ɨ̃´ p	0.0	False	0.262697022767
39-4-16-1	39	4-160	g’æ̌g	g’ æ̌ g	0.0	True	0.0823529411765
39-4-162-1	39	4-162	hohóʔg’æg	h o h ó ʔ g’ æ g	0.0	False	0.112359550562
39-4-17-1	39	4-170	cǎn’	c ǎ n’	0.0	True	0.159782608696
39-4-18-1	39	4-180	d’ǔb	d’ ǔ b	0.0	True	0.117021276596
39-4-19-1	39	4-190	hupáh	h u p á h	0.0	True	0.0819209039548
39-4-19-2	39	4-190	cĩcĩʔ	c ĩ c ĩ ʔ	0.0	True	0.0819209039548
39-4-191-1	39	4-191	j’ujtǐh	ɟ’ u ɟ t ǐ h	0.0	False	0.135057471264
39-4-2-1	39	4-200	núh	n ú h	0.0	True	0.203531598513
39-4-201-1	39	4-201	y’aʔáw’ d’ǝhj’ák	j’ a ʔ á w’ # d’ ǝ h ɟ’ á k	0.0	False	0.18
39-4-202-1	39	4-202	nuh b’ɔ̌ʔ	n u h # b’ ɔ̌ ʔ	0.0	False	0.179347826087
39-4-203-1	39	4-203	cɔ̃wɔ̃ˇh	c ɔ̃ w ɔ̃ˇ h	0.0	False	0.132432432432
39-4-204-1	39	4-204	dɔwɔ̌h	d ɔ w ɔ̌ h	0.0	False	0.268847795164
39-4-204-2	39	4-204	mig’ǒd	m i g’ ǒ d	0.0	False	0.268847795164
39-4-205-1	39	4-205	kág’	k á g’	0.0	False	0.0657370517928
39-4-207-1	39	4-207	tǝg cáʔ	t ǝ g # c á ʔ	0.0	False	0.13125
39-4-208-1	39	4-208	dɔwɔh búg’	d ɔ w ɔ h # b ú g’	0.0	False	0.0714285714286
39-4-209-1	39	4-209	j’ǝj’ə́g	ɟ’ ǝ ɟ’ ə́ g	0.0	False	0.0602409638554
39-4-21-1	39	4-210	kǝwə̌g	k ǝ w ə̌ g	0.0	True	0.096018735363
39-4-212-1	39	4-212	kǝwǝg b’ɔk cũˇh	k ǝ w ǝ g # b’ ɔ k # c ũ ˇh	0.0	False	0.146484375
39-4-212-2	39	4-212	kǝwǝgpə̌w	k ǝ w ǝ g p ə̌ w	0.0	False	0.146484375
39-4-213-1	39	4-213	kǝwǝg b’ɔ́k	k ǝ w ǝ g # b’ ɔ́ k	0.0	False	0.0435684647303
39-4-214-1	39	4-214	kǝwǝg pã´t	k ǝ w ǝ g # p ã´ t	0.0	False	0.0739910313901
39-4-215-1	39	4-215	ʔɔ̃hwiŋ-	ʔ ɔ̃ h + w i ŋ	0.0	False	0.13829787234
39-4-22-1	39	4-220	bɔtɔ́k	b ɔ t ɔ́ k	0.0	True	0.10393258427
39-4-222-1	39	4-222	cæ̃cæ̃ˇy’	c æ̃ c æ̃ j’	0.0	False	0.0779220779221
39-4-23-1	39	4-230	tǒj	t ǒ ɟ	0.0	True	0.0267857142857
39-4-231-1	39	4-231	toj mɔ̌y	t o ɟ # m ɔ̌ j	0.0	False	0.0714285714286
39-4-232-1	39	4-232	tũhũ´ʔ	t ũ h ũ´ ʔ	0.0	False	0.0689655172414
39-4-24-1	39	4-240	nɔg’ǒd	n ɔ g’ ǒ d	0.0	True	0.07962529274
39-4-241-1	39	4-241	nɔg’ǒd	n ɔ g’ ǒ d	0.0	False	0.260180995475
39-4-25-1	39	4-250	nɔj’ǐj	n ɔ ɟ’ ǐ ɟ	0.0	False	0.0821052631579
39-4-26-1	39	4-260	nɔg’æ̌d	n ɔ g’ æ̌ d	0.0	True	0.0663716814159
39-4-27-1	39	4-270	tə́g	t ə́ g	0.0	True	0.117537313433
39-4-271-1	39	4-271	tǝg pə́w	t ǝ g # p ə́ w	0.0	False	0.136255924171
39-4-272-1	39	4-272	tǝgpáb	t ǝ g p á b	0.0	False	0.0949367088608
39-4-28-1	39	4-280	kaʔtɨ́t	k a ʔ t ɨ́ t	0.0	True	0.105
39-4-281-1	39	4-281	nuh totóy’	n u h # t o t ó j’	0.0	False	0.166666666667
39-4-29-1	39	4-290	ʔɔ̃´g’	ʔ ɔ̃´ g’	0.0	False	0.12969924812
39-4-3-1	39	4-300	cǎc	c ǎ c	0.0	False	0.133858267717
39-4-301-1	39	4-301	cǎc g’æg	c ǎ c # g’ æ g	0.0	False	0.233870967742
39-4-302-1	39	4-302	wǐh g’æg	w ǐ h # g’ æ g	0.0	False	0.1625
39-4-31-1	39	4-310	mumǔy	m u m ǔ j	0.0	False	0.0932835820896
39-4-312-1	39	4-312	hahád	h a h á d	0.0	False	0.146739130435
39-4-32-1	39	4-320	buyj’óg	b u j ɟ’ ó g	0.0	False	0.0852272727273
39-4-321-1	39	4-321	kinǐm	k i n ǐ m	0.0	False	0.132653061224
39-4-33-1	39	4-330	d’apũ´h	d’ a p ũ´ h	0.0	True	0.150735294118
39-4-331-1	39	4-331	n’apũh g’odhɔ́	n’ a p ũ h # g’ o dh ɔ́	0.0	False	0.10989010989
39-4-34-1	39	4-340	cǒb	c ǒ b	0.0	False	0.0506912442396
39-4-342-1	39	4-342	cob popǒg	c o b # p o p ǒ g	0.0	False	0.0795454545455
39-4-344-1	39	4-344	cob b’ɔ́k	c o b # b’ ɔ́ k	0.0	False	0.76
39-4-345-1	39	4-345	j’ib b’ɔ́k	ɟ’ i b # b’ ɔ́ k	0.0	True	0.116455696203
39-4-351-1	39	4-351	tɔ̌k	t ɔ̌ k	0.0	True	0.09375
39-4-352-1	39	4-352	cɨ̌ʔ	c ɨ̌ ʔ	0.0	False	0.0723684210526
39-4-36-1	39	4-360	wɔ̃ʔdǽ	w ɔ̃ ʔ d ǽ	0.0	True	0.0888888888889
39-4-37-1	39	4-370	j’ǐb	ɟ’ ǐ b	0.0	True	0.141416510319
39-4-371-1	39	4-371	j’ib kãkã´w	ɟ’ i b # k ã k ã´ w	0.0	False	0.112359550562
39-4-371-2	39	4-371	kabǎç	k a b ǎ ç	0.0	False	0.112359550562
39-4-372-1	39	4-372	j’ib cə̌k	ɟ’ i b # c ə̌ k	0.0	False	0.0569105691057
39-4-374-1	39	4-374	j’ǐb-cud	ɟ’ ǐ b c u d	0.0	False	0.126959247649
39-4-38-1	39	4-380	j’ib tæ̃tæ̃´h	ɟ’ i b # t æ̃ t æ̃´ h	0.0	False	0.0851063829787
39-4-38-2	39	4-380	j’ib popǒg	ɟ’ i b # p o p ǒ g	0.0	False	0.0851063829787
39-4-392-1	39	4-392	ké	k é	0.0	True	0.116379310345
39-4-393-1	39	4-393	hũtæ̃´h pã´t	h ũ t æ̃´ h # p ã´ t	0.0	True	0.109739368999
39-4-4-1	39	4-400	hɔ̃tə́g	h ɔ̃ t ə́ g	0.0	False	0.172043010753
39-4-41-1	39	4-410	pǔd	p ǔ d	0.0	True	0.053317535545
39-4-412-1	39	4-412	pud núh	p u d # n ú h	0.0	False	0.0622605363985
39-4-42-1	39	4-420	pǔd	p ǔ d	0.0	False	0.0455801104972
39-4-43-1	39	4-430	pǔç	p ǔ ç	0.0	True	0.122448979592
39-4-44-1	39	4-440	hã´wɨg	h ã´ w ɨ g	0.0	True	0.223300970874
39-4-441-1	39	4-441	hɔ wowǒw’	h ɔ # w o w ǒ w’	0.0	False	0.261904761905
39-4-45-1	39	4-450	hɔ́	h ɔ́	0.0	True	0.130555555556
39-4-451-1	39	4-451	kadawá	k a d a w á	0.25	False	0.167630057803
39-4-46-1	39	4-460	tǒk	t ǒ k	0.0	False	0.31768558952
39-4-461-1	39	4-461	tok tɨ́t	t o k # t ɨ́ t	0.0	False	0.165
39-4-462-1	39	4-462	tɔk tibd’ǎk	t ɔ k # t i b d’ ǎ k	0.0	False	0.159574468085
39-4-463-1	39	4-463	pãpáŋ	p ã p á ŋ	0.0	False	0.125
39-4-464-1	39	4-464	cə̌k	c ə̌ k	0.0	False	0.0996677740864
39-4-47-1	39	4-470	tæ̃´h-yud	t æ̃´ h j u d	0.0	False	0.289389067524
39-4-49-1	39	4-490	hatípwɨg	h a t í p + w ɨ g	0.0	False	0.212851405622
39-4-492-1	39	4-492	tɨ́b	t ɨ́ b	0.0	False	0.290993071594
39-4-51-1	39	4-510	haŋcak-	h a ŋ c a k	0.0	False	0.125
39-4-51-2	39	4-510	haŋcɔw-	h a ŋ c ɔ w	0.0	False	0.125
39-4-52-1	39	4-520	nɔg’a-	n ɔ g’ a	0.0	False	0.119047619048
39-4-521-1	39	4-521	cǝbǝk-	c ǝ b ǝ k	0.0	False	0.126506024096
39-4-53-1	39	4-530	hohot-	h o h o t	0.0	False	0.0555555555556
39-4-54-1	39	4-540	hãcĩh-	h ã c ĩ h	0.25	False	0.115291262136
39-4-55-1	39	4-550	kub’áhdeh way-	k u b’ á h d e h # w a j	0.0	False	0.147959183673
39-4-56-1	39	4-560	j’ɔç-	ɟ’ ɔ ç	0.0	False	0.0555555555556
39-4-57-1	39	4-570	hɔn-	h ɔ n	0.0	False	0.221003134796
39-4-58-1	39	4-580	g’ǝç-	g’ ǝ ç	0.0	True	0.0358361774744
39-4-59-1	39	4-590	n’æm’-	n’ æ m’	0.0	False	0.16265060241
39-4-591-1	39	4-591	hut-	h u t	0.0	False	0.0961538461538
39-4-61-1	39	4-610	ʔɔ̃h-	ʔ ɔ̃ h	0.0	True	0.100190839695
39-4-612-1	39	4-612	hɔ̃hɔ̃k-	h ɔ̃ h ɔ̃ k	0.0	False	0.115
39-4-62-1	39	4-620	cɔ̃hni-	c ɔ̃ h n i	0.0	False	0.0862068965517
39-4-63-1	39	4-630	cǝwǝʔ-	c ǝ w ǝ ʔ	0.0	False	0.10650887574
39-4-64-1	39	4-640	tɔç-	t ɔ ç	0.0	False	0.35
39-4-65-1	39	4-650	ciʔ-	c i ʔ	0.0	False	0.188775510204
39-4-66-1	39	4-660	y’æʔ-	j’ æ ʔ	0.0	False	0.14953271028
39-4-67-1	39	4-670	ʔan-	ʔ a n	0.0	False	0.123626373626
39-4-68-1	39	4-680	wɨʔwɨʔ-	w ɨ ʔ w ɨ ʔ	0.0	False	0.0728155339806
39-4-69-1	39	4-690	j’ɔm-	ɟ’ ɔ m	0.0	False	0.115384615385
39-4-71-1	39	4-710	tæ̃h bɨʔ-	t æ̃ h # b ɨ ʔ	0.0	False	0.162269129288
39-4-72-1	39	4-720	macã-	m a c ã	1.0	False	0.174712643678
39-4-73-1	39	4-730	tokni-	t o k n i	0.0	False	0.0700483091787
39-4-732-1	39	4-732	tokni-	t o k n i	0.0	False	0.0942028985507
39-4-74-1	39	4-740	ʔɨb’-	ʔ ɨ b’	0.0	False	0.131416837782
39-4-75-1	39	4-750	naʔ-	n a ʔ	0.0	False	0.204545454545
39-4-751-1	39	4-751	g’ǝmnaʔ-	g’ ǝ m n a ʔ	0.0	False	0.162337662338
39-4-76-1	39	4-760	m’æh-	m’ æ h	0.0	True	0.0777777777778
39-4-77-1	39	4-770	g’ɔg	g’ ɔ g	0.0	False	0.367117117117
39-4-78-1	39	4-780	kæ̃ʔ-	k æ̃ ʔ	0.0	False	0.11797752809
39-4-79-1	39	4-790	húp hod	h ú p # h o d	0.0	False	0.301020408163
39-4-81-1	39	4-810	pɨ́b	p ɨ́ b	0.0	False	0.275229357798
39-4-82-1	39	4-820	wæ̌y	w æ̌ j	0.0	False	0.171506352087
39-4-83-1	39	4-830	náw	n á w	0.0	False	0.354526606773
39-4-84-1	39	4-840	peʔ-	p e ʔ	0.0	False	0.177902621723
39-4-841-1	39	4-841	peʔ wɨdnæ̌n	p e ʔ # w ɨ d n æ̌ n	0.0	False	0.306843540788
39-4-843-1	39	4-843	tũhũ´ʔ ni-	t ũ h ũ´ ʔ # n i	0.0	False	0.194552529183
39-4-85-1	39	4-850	hɔ́m	h ɔ́ m	0.0	False	0.152249134948
39-4-852-1	39	4-852	mamáŋ	m a m á ŋ	0.0	False	0.0700389105058
39-4-853-1	39	4-853	puhú	p u h ú	0.0	False	0.117346938776
39-4-854-1	39	4-854	j’uk-	ɟ’ u k	0.0	False	0.0925196850394
39-4-855-1	39	4-855	páb’	p á b’	0.0	False	0.0963855421687
39-4-857-1	39	4-857	nunǔh	n u n ǔ h	0.0	False	0.119771863118
39-4-858-1	39	4-858	hɔm bɨ̌g	h ɔ m # b ɨ̌ g	0.0	False	0.244680851064
39-4-86-1	39	4-860	hiwɔb-	h i w ɔ b	0.0	False	0.186868686869
39-4-87-1	39	4-870	yɔ̃ˇhʔĩh	j ɔ̃ˇ h ʔ ĩ h	0.0	False	0.591304347826
39-4-88-1	39	4-880	yɔ̃ˇh	j ɔ̃ˇ h	0.0	False	0.421568627451
39-4-89-1	39	4-890	nǎm	n ǎ m	0.0	False	0.443060498221
39-4-91-1	39	4-910	cɨh-	c ɨ h	0.0	False	0.196942446043
39-4-912-1	39	4-912	co-	c o	1.0	False	0.211895910781
39-4-92-1	39	4-920	hũtũynɨh	h ũ t ũ j n ɨ h	0.0	False	0.235207100592
39-4-93-1	39	4-930	nuh hohód	n u h # h o h ó d	0.0	False	0.193708609272
39-4-94-1	39	4-940	kɨnɨŋ-	k ɨ n ɨ ŋ	0.0	False	0.178571428571
39-4-98-1	39	4-980	ʔǝgnaʔ-	ʔ ǝ g n a ʔ	0.0	False	0.0679611650485
39-5-11-1	39	5-110	wæd-	w æ d	0.0	True	0.0801886792453
39-5-12-1	39	5-120	wæ̌d	w æ̌ d	0.0	False	0.174603174603
39-5-122-1	39	5-122	ʔɨb’-	ʔ ɨ b’	0.0	False	0.0548128342246
39-5-123-1	39	5-123	hɔ̃-	h ɔ̃	0.0	False	0.094512195122
39-5-124-1	39	5-124	hɔ-	h ɔ	0.0	False	0.1
39-5-125-1	39	5-125	d’ɔhyɨʔ-	d’ ɔ h j ɨ ʔ	0.0	False	0.157442748092
39-5-13-1	39	5-130	ʔǝg-	ʔ ǝ g	0.0	True	0.0956175298805
39-5-14-1	39	5-140	g’ubnaʔ-	g’ u b n a ʔ	0.0	False	0.0302197802198
39-5-141-1	39	5-141	g’ub-	g’ u b	0.0	False	0.172297297297
39-5-15-1	39	5-150	hɔwæd-	h ɔ w æ d	0.0	False	0.0697674418605
39-5-16-1	39	5-160	ʔay’-	ʔ a j’	0.0	True	0.0596252129472
39-5-18-1	39	5-180	y’aw’-	j’ a w’	0.25	False	0.0738636363636
39-5-181-1	39	5-181	yaŋ-	j a ŋ	0.0	False	0.077380952381
39-5-19-1	39	5-190	kãk-	k ã k	0.25	False	0.173267326733
39-5-21-1	39	5-210	j’ɨw-	ɟ’ ɨ w	0.0	False	0.182862190813
39-5-22-1	39	5-220	wɔç-	w ɔ ç	0.0	False	0.175585284281
39-5-23-1	39	5-230	yæ̃ʔ-	j æ̃ ʔ	0.0	False	0.279197080292
39-5-23-2	39	5-230	prita-	p r i t a	1.0	False	0.279197080292
39-5-24-1	39	5-240	b’aʔ-	b’ a ʔ	0.0	False	0.157894736842
39-5-25-1	39	5-250	b’ɔkkáb	b’ ɔ k + k á b	0.0	False	0.513888888889
39-5-26-1	39	5-260	mɔmb’ɔ́k	m ɔ m b’ ɔ́ k	0.0	False	0.327556325823
39-5-28-1	39	5-280	mɔmb’ɔ́k	m ɔ m b’ ɔ́ k	0.0	False	0.548913043478
39-5-31-1	39	5-310	wæ̌db’ɔk	w æ̌ d b’ ɔ k	0.0	False	0.549744897959
39-5-31-2	39	5-310	padátu	p a d á t u	1.0	False	0.549744897959
39-5-32-1	39	5-320	wæ̌db’ɔk	w æ̌ d b’ ɔ k	0.0	False	0.538551401869
39-5-32-2	39	5-320	padátu	p a d á t u	1.0	False	0.538551401869
39-5-33-1	39	5-330	b’ɔ̌ʔ	b’ ɔ̌ ʔ	0.0	False	0.558928571429
39-5-35-1	39	5-350	kópu	k ó p u	1.0	False	0.615384615385
39-5-35-2	39	5-350	ʔə̌g b’ɔk	ʔ ə̌ g # b’ ɔ k	0.0	False	0.615384615385
39-5-37-1	39	5-370	wæ̌db’ah	w æ̌ d b’ a h	0.0	False	0.40099009901
39-5-37-2	39	5-370	koyéw	k o j é w	1.0	False	0.40099009901
39-5-38-1	39	5-380	wǎn	w ǎ n	0.0	False	0.256711409396
39-5-39-1	39	5-390	cɔ̌hteg	c ɔ̌ h t e g	0.0	False	0.543902439024
39-5-41-1	39	5-410	b’ɔ́k	b’ ɔ́ k	0.0	False	0.138339920949
39-5-46-1	39	5-460	g’ob-	g’ o b	0.0	False	0.14606741573
39-5-46-2	39	5-460	koʔ-	k o ʔ	0.5	False	0.14606741573
39-5-47-1	39	5-470	yah-	j a h	0.0	False	0.169300225734
39-5-48-1	39	5-480	hæw-	h æ w	0.0	False	0.0927272727273
39-5-49-1	39	5-490	wot-	w o t	0.0	False	0.126420454545
39-5-49-2	39	5-490	mɔnæ-	m ɔ n æ	1.0	False	0.126420454545
39-5-49-3	39	5-490	hikaku-	h i k a k u	0.0	False	0.126420454545
39-5-51-1	39	5-510	pã´w	p ã´ w	1.0	False	0.478747203579
39-5-53-1	39	5-530	cǎk	c ǎ k	0.0	False	0.308641975309
39-5-54-1	39	5-540	nuh-	n u h	0.0	False	0.151573292402
39-5-55-1	39	5-550	kæ̌n	k æ̌ n	0.0	False	0.349514563107
39-5-56-1	39	5-560	tok-	t o k	0.0	True	0.0813069908815
39-5-56-2	39	5-560	dɨp-	d ɨ p	0.0	True	0.0813069908815
39-5-58-1	39	5-580	tǒkteg	t ǒ k t e g	0.0	False	0.182098765432
39-5-59-1	39	5-590	tǒkteg	t ǒ k t e g	0.0	False	0.153846153846
39-5-61-1	39	5-610	hũ d’áp	h ũ # d’ á p	0.0	False	0.126911314985
39-5-64-1	39	5-640	cópa	c ó p a	1.0	False	0.530809859155
39-5-65-1	39	5-650	vedúra	v e d ú r a	1.0	False	0.255705635771
39-5-66-1	39	5-660	peyã´w	p e j ã´ w	1.0	False	0.405882352941
39-5-7-1	39	5-700	píʔ	p í ʔ	0.25	False	0.421551724138
39-5-71-1	39	5-710	ʔág	ʔ á g	0.0	False	0.254592651757
39-5-712-1	39	5-712	-b’ak	b’ a k	0.0	False	0.140167364017
39-5-76-1	39	5-760	pɨ̌ŋ	p ɨ̌ ŋ	0.0	False	0.459134615385
39-5-77-1	39	5-770	-tat	t a t	0.0	False	0.273346303502
39-5-79-1	39	5-790	náŋ	n á ŋ	0.0	False	0.599753694581
39-5-791-1	39	5-791	náŋ	n á ŋ	0.0	True	0.180434782609
39-5-81-1	39	5-810	b’ǒh	b’ ǒ h	0.0	True	0.151785714286
39-5-821-1	39	5-821	kɔ́w	k ɔ́ w	0.0	False	0.407894736842
39-5-84-1	39	5-840	nǽŋ	n ǽ ŋ	0.0	False	0.307926829268
39-5-85-1	39	5-850	ʔacúka	ʔ a c ú k a	1.0	False	0.79375
39-5-86-1	39	5-860	puděh	p u d ě h	0.0	False	0.311797752809
39-5-86-2	39	5-860	déti	d é t i	1.0	False	0.311797752809
39-5-9-1	39	5-900	ʔə̌g	ʔ ə̌ g	0.0	False	0.0791208791209
39-5-93-1	39	5-930	cervéca	c e r v é c a	1.0	False	0.677514792899
39-5-94-1	39	5-940	húptok	h ú p t o k	0.0	False	0.477272727273
39-5-97-1	39	5-970	-tip	t i p	0.0	True	0.0901287553648
39-5-971-1	39	5-971	tɨhdó	t ɨ h d ó	0.0	False	0.0308641975309
39-6-11-1	39	6-110	cud-	c u d	0.0	False	0.0707547169811
39-6-12-1	39	6-120	yǔd	j ǔ d	0.5	False	0.197169811321
39-6-21-1	39	6-210	yǔd	j ǔ d	0.5	False	0.355731225296
39-6-24-1	39	6-240	cuwǔk	c u w ǔ k	0.0	False	0.492957746479
39-6-28-1	39	6-280	hũ pã´t	h ũ # p ã´ t	0.0	False	0.293219303604
39-6-29-1	39	6-290	hũ b’ɔ́k	h ũ # b’ ɔ́ k	0.0	False	0.135278514589
39-6-31-1	39	6-310	cɔbɔt-	c ɔ b ɔ t	0.0	False	0.0133214920071
39-6-33-1	39	6-330	d’ab-	d’ a b	0.0	False	0.0733137829912
39-6-35-1	39	6-350	hicuh-	h i c u h	0.5	False	0.105263157895
39-6-36-1	39	6-360	mǎcʔut	m ǎ c ʔ u t	0.0	False	0.374109263658
39-6-38-1	39	6-380	yutá	j u t á	1.0	False	0.282649253731
39-7-37-1	39	7-370	cikáda	c i k á d a	1.0	False	0.228855721393
39-7-37-2	39	7-370	cákapteg	c á k a p t e g	0.0	False	0.228855721393
39-6-42-1	39	6-420	tãʔã´y yud	t ã ʔ ã´ j # j u d	0.0	False	0.467741935484
39-6-44-1	39	6-440	caccǔd	c a c + c ǔ d	0.0	False	0.506034482759
39-6-46-1	39	6-460	tãʔã´y yud	t ã ʔ ã´ j # j u d	0.0	False	0.609797297297
39-6-48-1	39	6-480	tɔkcǔd	t ɔ k c ǔ d	0.0	False	0.564516129032
39-6-49-1	39	6-490	méya	m é j a	1.0	False	0.684426229508
39-6-51-1	39	6-510	candária	c a n d á r i a	1.0	False	0.4516765286
39-6-51-2	39	6-510	capátu	c a p á t u	1.0	False	0.4516765286
39-6-52-1	39	6-520	bóta	b ó t a	1.0	False	0.674496644295
39-6-55-1	39	6-550	nuhuy-tǔk	n u h u j t ǔ k	0.0	False	0.492307692308
39-6-55-2	39	6-550	boné	b o n é	1.0	False	0.492307692308
39-6-57-1	39	6-570	wãˇʔ	w ã ʔ	0.0	False	0.298013245033
39-6-61-1	39	6-610	bóca	b ó c a	1.0	False	0.599397590361
39-6-62-1	39	6-620	mutã´w	m u t ã´ w	1.0	False	0.585227272727
39-6-71-1	39	6-710	hup bɨ́ʔɨp	h u p # b ɨ́ ʔ ɨ p	0.0	False	0.312277580071
39-6-73-1	39	6-730	d’apũh d’ǎk	d’ a p ũ h # d’ ǎ k	0.0	False	0.224137931034
39-6-74-1	39	6-740	mumuy d’ǎk	m u m u j # d’ ǎ k	0.0	False	0.198588709677
39-6-75-1	39	6-750	g’ǎç	g’ ǎ ç	0.0	False	0.239
39-6-76-1	39	6-760	g’ǎç	g’ ǎ ç	0.0	False	0.249057492931
39-6-77-1	39	6-770	b’ɔtɔk g’ãˇʔ	b’ ɔ t ɔ k # g’ ã ʔ	0.0	False	0.209677419355
39-6-78-1	39	6-780	pãt tǔd	p ã t # t ǔ d	0.0	False	0.368131868132
39-6-78-2	39	6-780	pãt wɔ̌t	p ã t # w ɔ̌ t	0.0	False	0.368131868132
39-6-81-1	39	6-810	nǽcũb’ah	n ǽ c ũ b’ a h	0.75	False	0.480182926829
39-6-82-1	39	6-820	toáya	t o á j a	1.0	False	0.661417322835
39-6-91-1	39	6-910	pə̌ç	p ə̌ ç	0.0	False	0.166666666667
39-6-92-1	39	6-920	pə̌ç	p ə̌ ç	0.0	False	0.48417721519
39-6-921-1	39	6-921	b’ek-	b’ e k	0.0	False	0.217303822938
39-6-94-1	39	6-940	wókteg	w ó k t e g	0.0	False	0.430722891566
39-6-95-1	39	6-950	cabonéci	c a b o n é c i	1.0	False	0.778409090909
39-6-96-1	39	6-960	mɔyə̌k	m ɔ j ə̌ k	0.0	False	0.39715536105
39-7-11-1	39	7-110	ni-	n i	0.75	False	0.146984924623
39-7-12-1	39	7-120	mɔ̌y	m ɔ̌ j	0.0	True	0.106694560669
39-7-13-1	39	7-130	bɔyɔ̌h	b ɔ j ɔ̌ h	0.0	False	0.393907563025
39-7-17-1	39	7-170	wæ̌d bɨ̌ʔ mɔy	w æ̌ d # b ɨ̌ ʔ # m ɔ j	0.0	False	0.327669902913
39-7-18-1	39	7-180	ʔə̌g mɔy	ʔ ə̌ g # m ɔ j	0.0	False	0.254385964912
39-7-18-2	39	7-180	kudúbi	k u d ú b i	1.0	False	0.254385964912
39-7-21-1	39	7-210	tóg’	t ó g’	0.0	False	0.514808362369
39-7-22-1	39	7-220	mɔyɔ́	m ɔ j ɔ́	0.0	False	0.226744186047
39-7-221-1	39	7-221	mɔy túʔ	m ɔ j # t ú ʔ	0.0	False	0.22972972973
39-7-23-1	39	7-230	bíb’teg	b í b’ t e g	0.0	False	0.506493506494
39-7-24-1	39	7-240	cáwi	c á w i	1.0	False	0.473469387755
39-7-25-1	39	7-250	mɔyɔ́	m ɔ j ɔ́	0.0	False	0.568014705882
39-7-26-1	39	7-260	tú	t ú	0.25	False	0.34628975265
39-7-27-1	39	7-270	ʔúb	ʔ ú b	0.0	False	0.339694656489
39-7-31-1	39	7-310	těghod	t ě g + h o d	0.0	False	0.232905982906
39-7-42-1	39	7-420	káma	k á m a	1.0	False	0.386138613861
39-7-422-1	39	7-422	hikóp	h i k ó p	0.0	False	0.478260869565
39-7-43-1	39	7-430	kə́d	k ə́ d	0.0	False	0.469696969697
39-7-44-1	39	7-440	mécab’ah	m é c a b’ a h	1.0	False	0.735408560311
39-7-45-1	39	7-450	j’áʔ	ɟ’ á ʔ	0.0	False	0.648866348449
39-7-45-2	39	7-450	tǔjtod’	t ǔ ɟ t o d’	0.0	False	0.648866348449
39-7-46-1	39	7-460	wéda	w é d a	1.0	False	0.626506024096
39-7-47-1	39	7-470	wáb	w á b	0.0	False	0.444206008584
39-7-48-1	39	7-480	tǎh wæ̌dhɔb	t ǎ h # w æ̌ dh ɔ b	0.0	False	0.309473684211
39-7-51-1	39	7-510	mɔ̌yb’ah	m ɔ̌ j b’ a h	0.0	False	0.142574257426
39-7-52-1	39	7-520	tɔ́pg’æt	t ɔ́ p g’ æ t	0.0	False	0.0274390243902
39-7-53-1	39	7-530	mɔ̌y c’ujtǐh	m ɔ̌ j # c’ u ɟ t ǐ h	0.0	False	0.122950819672
39-7-54-1	39	7-540	mɔy yǒk	m ɔ j # j ǒ k	0.0	False	0.165198237885
39-7-55-1	39	7-550	kǝtǝgd’ǎk	k ǝ t ǝ g d’ ǎ k	0.0	False	0.302281368821
39-7-56-1	39	7-560	mɔy túʔ	m ɔ j # t ú ʔ	0.0	False	0.389097744361
39-7-57-1	39	7-570	tábwab’ah	t á b w a b’ a h	1.0	False	0.375
39-7-62-1	39	7-620	m’ǎy’ yæ̃ʔ	m’ ǎ j’ # j æ̃ ʔ	0.0	False	0.664473684211
39-8-12-1	39	8-120	b’ɔ̌t	b’ ɔ̌ t	0.0	False	0.190602836879
39-8-16-1	39	8-160	hicǎd	h i c ǎ d	0.0	False	0.268292682927
39-8-17-1	39	8-170	mamǎp	m a m ǎ p	0.0	False	0.483108108108
39-8-22-1	39	8-220	hat-	h a t	0.0	False	0.10834670947
39-8-23-1	39	8-230	pá	p á	1.0	False	0.498626373626
39-8-24-1	39	8-240	pá	p á	1.0	False	0.610759493671
39-8-25-1	39	8-250	cɔ̌c	c ɔ̌ c	0.0	False	0.291666666667
39-8-311-1	39	8-311	-wɨg	w ɨ g	0.0	True	0.198807157058
39-8-32-1	39	8-320	maç-	m a ç	0.0	False	0.156818181818
39-8-47-1	39	8-470	pɨhɨtyǔm	p ɨ h ɨ t j ǔ m	0.0	False	0.39156626506
39-8-48-1	39	8-480	ʔarócu	ʔ a r ó c u	1.0	False	0.616666666667
39-8-51-1	39	8-510	cǐh	c ǐ h	0.0	False	0.173719376392
39-8-52-1	39	8-520	cǐh hə́b	c ǐ h # h ə́ b	0.0	False	0.149253731343
39-8-53-1	39	8-530	yúm	j ú m	0.0	False	0.358090185676
39-8-531-1	39	8-531	yum-	j u m	0.0	False	0.230198019802
39-8-531-2	39	8-531	cĩy’-	c ĩ j’	0.0	False	0.230198019802
39-8-54-1	39	8-540	tǐh	t ǐ h	0.0	True	0.0558823529412
39-8-55-1	39	8-550	-nɔw	n ɔ w	0.0	False	0.171532846715
39-8-56-1	39	8-560	cug’æ̌t	c u g’ æ̌ t	0.0	True	0.103250478011
39-8-57-1	39	8-570	c’ɔ́	c’ ɔ́	0.0	False	0.251256281407
39-8-6-1	39	8-600	tegd’ǔh	t e g d’ ǔ h	0.0	False	0.252136752137
39-8-67-1	39	8-670	tɨ́t	t ɨ́ t	0.0	False	0.194087403599
39-8-68-1	39	8-680	hũˇt	h ũ t	0.0	False	0.6640969163
39-8-69-1	39	8-690	ʔun’-	ʔ u n’	0.0	False	0.19918699187
39-8-72-1	39	8-720	b’ɔ̌tdɨ́d	b’ ɔ̌ t d ɨ́ d	0.0	False	0.11855104281
39-8-73-1	39	8-730	c’ǎt	c’ ǎ t	0.0	False	0.0976821192053
39-8-74-1	39	8-740	nɔw cacác	n ɔ w # c a c á c	0.0	False	0.136363636364
39-8-75-1	39	8-750	-b’ɔk	b’ ɔ k	0.0	True	0.160965794769
39-8-76-1	39	8-760	-deh	d e h	0.0	False	0.198396793587
39-8-82-1	39	8-820	kóku	k ó k u	1.0	False	0.492424242424
39-8-83-1	39	8-830	naránya	n a r á n j a	1.0	False	0.602272727273
39-8-83-2	39	8-830	wirimɔ́	w i r i m ɔ́	1.0	False	0.602272727273
39-8-84-1	39	8-840	pɨhɨ́t	p ɨ h ɨ́ t	0.0	False	0.621794871795
39-8-92-1	39	8-920	kayaktɔ́ʔ	k a j a k t ɔ́ ʔ	0.0	False	0.426229508197
39-8-93-1	39	8-930	b’ɔ̌ʔ	b’ ɔ̌ ʔ	0.0	False	0.263513513514
39-8-931-1	39	8-931	b’ɔʔwæ̌d	b’ ɔ ʔ w æ̌ d	0.0	False	0.401898734177
39-8-941-1	39	8-941	mǔhteg	m ǔ h t e g	0.0	False	0.253846153846
39-8-96-1	39	8-960	d’ǔç	d’ ǔ ç	0.0	False	0.205882352941
39-8-98-1	39	8-980	pə́b’	p ə́ b’	0.0	False	0.266666666667
39-9-11-1	39	9-110	bɨʔ-	b ɨ ʔ	0.0	True	0.0278323510151
39-9-12-1	39	9-120	bɨʔ-	b ɨ ʔ	0.0	False	0.36197440585
39-9-14-1	39	9-140	totoy-	t o t o j	0.0	False	0.125
39-9-15-1	39	9-150	camam-	c a m a m	0.0	False	0.0962264150943
39-9-16-1	39	9-160	j’ɨp-	ɟ’ ɨ p	0.0	True	0.121037463977
39-9-16-2	39	9-160	hɔ̃w’-	h ɔ̃ w’	0.0	True	0.121037463977
39-9-161-1	39	9-161	cod-	c o d	0.0	False	0.0824524312896
39-9-19-1	39	9-190	tɨ́t	t ɨ́ t	0.0	True	0.151865008881
39-9-192-1	39	9-192	hɔ̃´w’	h ɔ̃´ w’	0.0	False	0.105555555556
39-9-192-2	39	9-192	kukú	k u k ú	0.75	False	0.105555555556
39-9-21-1	39	9-210	mæh-	m æ h	0.0	True	0.0448979591837
39-9-211-1	39	9-211	j’ɔŋ-	ɟ’ ɔ ŋ	0.0	False	0.218623481781
39-9-22-1	39	9-220	hɔ̃k-	h ɔ̃ k	0.0	False	0.0811584977721
39-9-221-1	39	9-221	b’ɔt-	b’ ɔ t	0.0	False	0.0668316831683
39-9-222-1	39	9-222	kɨt-	k ɨ t	0.0	False	0.0501485884101
39-9-223-1	39	9-223	yok-	j o k	0.0	False	0.0971337579618
39-9-23-1	39	9-230	wǎn	w ǎ n	0.0	False	0.383823529412
39-9-24-1	39	9-240	hæ̌y’b’ah	h æ̌ j’ b’ a h	0.0	False	0.478346456693
39-9-25-1	39	9-250	mɔ̌m	m ɔ̌ m	0.0	False	0.349397590361
39-9-26-1	39	9-260	kǝbǝk-	k ǝ b ǝ k	0.0	False	0.0656934306569
39-9-26-2	39	9-260	tǝh-	t ǝ h	0.0	False	0.0656934306569
39-9-261-1	39	9-261	payyɨʔ-	p a j + j ɨ ʔ	0.0	False	0.0912162162162
39-9-27-1	39	9-270	b’ah-	b’ a h	0.0	False	0.138089758343
39-9-28-1	39	9-280	cæ̃y’-	c æ̃ j’	0.0	False	0.0646153846154
39-9-29-1	39	9-290	yɔj-	j ɔ ɟ	0.0	False	0.111524163569
39-9-31-1	39	9-310	yɔyɔp-	j ɔ j ɔ p	0.0	False	0.167525773196
39-9-32-1	39	9-320	y’ɔʔ-	j’ ɔ ʔ	0.0	False	0.0852272727273
39-9-33-1	39	9-330	kǝk-	k ǝ k	0.0	False	0.135859519409
39-9-34-1	39	9-340	hicæp-	h i c æ p	0.0	False	0.10447761194
39-9-341-1	39	9-341	d’oʔg’ãʔ-	d’ o ʔ g’ ã ʔ	0.0	False	0.107859531773
39-9-342-1	39	9-342	m’æc-	m’ æ c	0.0	False	0.200203252033
39-9-343-1	39	9-343	koʔwow’-	k o ʔ w o w’	0.0	False	0.181734317343
39-9-35-1	39	9-350	b’ǝh-	b’ ǝ h	0.0	False	0.13064516129
39-9-36-1	39	9-360	j’id-	ɟ’ i d	0.0	False	0.0982142857143
39-9-37-1	39	9-370	hæp-	h æ p	0.0	False	0.132530120482
39-9-38-1	39	9-380	hæpb’ɔ̌g	h æ p b’ ɔ̌ g	0.0	False	0.177215189873
39-9-422-1	39	9-422	bɨ̌ʔteg	b ɨ̌ ʔ t e g	0.0	False	0.3515625
39-9-44-1	39	9-440	bɨʔ-	b ɨ ʔ	0.0	False	0.198921105866
39-9-46-1	39	9-460	yoktod-	j o k t o d	0.0	False	0.146341463415
39-9-461-1	39	9-461	tod-	t o d	0.0	False	0.0426829268293
39-9-461-2	39	9-461	cɔh-	c ɔ h	0.0	False	0.0426829268293
39-9-48-1	39	9-480	tegd’uhhɔ̃ˇk	t e g d’ u h + h ɔ̃ˇ k	0.0	False	0.422619047619
39-9-49-1	39	9-490	barutéru	b a r u t é r u	1.0	False	0.45145631068
39-9-5-1	39	9-500	pǝrégu	p ǝ r é g u	1.0	False	0.408783783784
39-9-56-1	39	9-560	tǎk	t ǎ k	0.0	False	0.417431192661
39-9-56-2	39	9-560	hicɨʔteg	h i c ɨ ʔ t e g	0.0	False	0.417431192661
39-9-67-1	39	9-670	mɔ̌m	m ɔ̌ m	0.0	False	0.272727272727
39-9-68-1	39	9-680	cúmbu	c ú m b u	1.0	False	0.528985507246
39-9-69-1	39	9-690	mǎc	m ǎ c	0.0	False	0.579166666667
39-9-72-1	39	9-720	m’ǎy’b’ɔk bɨʔ-	m’ ǎ j’ b’ ɔ k # b ɨ ʔ	0.0	False	0.156069364162
39-9-73-1	39	9-730	m’ǎy’	m’ ǎ j’	0.0	False	0.0991189427313
39-9-74-1	39	9-740	mɔyə̌kb’ah	m ɔ j ə̌ k b’ a h	0.0	False	0.617841409692
39-9-74-2	39	9-740	wídriu	w í d r i u	1.0	False	0.617841409692
39-9-75-1	39	9-750	cæ̃c-	c æ̃ c	0.0	False	0.08255243195
39-9-75-2	39	9-750	g’ud-	g’ u d	0.0	False	0.08255243195
39-9-76-1	39	9-760	máj	m á ɟ	0.0	False	0.41592920354
39-9-79-1	39	9-790	hěb’	h ě b’	0.0	False	0.25974025974
39-9-791-1	39	9-791	heb’-	h e b’	0.0	False	0.133333333333
39-9-81-1	39	9-810	cǝk-	c ǝ k	0.0	False	0.265593561368
39-9-88-1	39	9-880	pintáteg	p i n t á t e g	0.0	False	0.518375241779
39-9-88-2	39	9-880	hə̌w	h ə̌ w	0.0	False	0.518375241779
39-9-88-3	39	9-880	d’ǎd	d’ ǎ d	0.0	False	0.518375241779
39-9-89-1	39	9-890	pinta-	p i n t a	1.0	False	0.334608030593
39-9-89-2	39	9-890	hɨʔ-	h ɨ ʔ	0.0	False	0.334608030593
39-9-89-3	39	9-890	wok-	w o k	0.0	False	0.334608030593
39-10-13-1	39	10-130	hupkǝd-	h u p k ǝ d	0.0	False	0.0962837837838
39-10-13-2	39	10-130	d’oʔkǝd-	d’ o ʔ k ǝ d	0.0	False	0.0962837837838
39-10-14-1	39	10-140	bud’-	b u d’	0.0	False	0.114583333333
39-10-15-1	39	10-150	d’oʔpǝpǝd-	d’ o ʔ p ǝ p ǝ d	0.0	False	0.187125748503
39-10-16-1	39	10-160	duʔ-	d u ʔ	1.0	False	0.0404131118096
39-10-17-1	39	10-170	kǝbǝt-	k ǝ b ǝ t	0.0	False	0.157894736842
39-10-21-1	39	10-210	cak-	c a k	0.0	False	0.0111234705228
39-10-22-1	39	10-220	d’oʔcak-	d’ o ʔ c a k	0.0	False	0.0868167202572
39-10-23-1	39	10-230	nɔh-	n ɔ h	0.0	True	0.0541516245487
39-10-24-1	39	10-240	hut-	h u t	0.0	False	0.0581395348837
39-10-25-1	39	10-250	b’uy-	b’ u j	0.0	False	0.0402985074627
39-10-252-1	39	10-252	cuʔ-	c u ʔ	0.0	False	0.158069883527
39-10-26-1	39	10-260	y’ũy’ũy’-	j’ ũ j’ ũ j’	0.0	False	0.172413793103
39-10-26-2	39	10-260	ʔoʔok-	ʔ o ʔ o k	0.0	False	0.172413793103
39-10-32-1	39	10-320	hi-	h i	0.0	False	0.041958041958
39-10-33-1	39	10-330	g’ǝm-	g’ ǝ m	0.0	False	0.100371747212
39-10-34-1	39	10-340	popow-	p o p o w	0.0	False	0.0504484304933
39-10-35-1	39	10-350	j’ɔmham-	ɟ’ ɔ m + h a m	0.0	True	0.103346456693
39-10-351-1	39	10-351	j’ǝknɔhtuʔ-	ɟ’ ǝ k n ɔ h t u ʔ	0.0	False	0.15690376569
39-10-352-1	39	10-352	hicũ-	h i c ũ	0.0	False	0.121134020619
39-10-37-1	39	10-370	wayd’oʔ-	w a j d’ o ʔ	0.0	True	0.13114071607
39-10-38-1	39	10-380	pohow’-	p o h o w’	0.0	True	0.0377906976744
39-10-41-1	39	10-410	doy-	d o j	0.0	False	0.1125
39-10-412-1	39	10-412	capæm-	c a p æ m	0.0	False	0.0670731707317
39-10-413-1	39	10-413	bogpæm-	b o g p æ m	0.0	False	0.215909090909
39-10-42-1	39	10-420	cædæw-	c æ d æ w	0.0	False	0.11214953271
39-10-43-1	39	10-430	j’ǝk-	ɟ’ ǝ k	0.0	False	0.0639344262295
39-10-431-1	39	10-431	tac-	t a c	0.0	False	0.139805825243
39-10-44-1	39	10-440	yam-	j a m	0.0	False	0.285714285714
39-10-45-1	39	10-450	g’etg’oʔ-	g’ e t g’ o ʔ	0.0	True	0.0882352941176
39-10-451-1	39	10-451	kidig-	k i d i g	0.0	False	0.17032967033
39-10-46-1	39	10-460	tɔʔɔh-	t ɔ ʔ ɔ h	0.0	True	0.0241935483871
39-10-47-1	39	10-470	ham-	h a m	0.0	True	0.0370786516854
39-10-471-1	39	10-471	cak-	c a k	0.0	False	0.113764044944
39-10-472-1	39	10-472	cak-	c a k	0.0	False	0.0463483146067
39-10-473-1	39	10-473	hi-	h i	0.0	False	0.121621621622
39-10-474-1	39	10-474	way-	w a j	0.0	False	0.0277136258661
39-10-48-1	39	10-480	næn-	n æ n	0.0	True	0.0323275862069
39-10-481-1	39	10-481	b’ay-	b’ a j	0.0	False	0.177480916031
39-10-49-1	39	10-490	hamyɨʔ-	h a m j ɨ ʔ	0.0	False	0.135880267822
39-10-51-1	39	10-510	ham-	h a m	0.0	False	0.125
39-10-52-1	39	10-520	wɔn-	w ɔ n	0.0	False	0.0715767634855
39-10-53-1	39	10-530	wɔn-	w ɔ n	0.0	False	0.16049382716
39-10-55-1	39	10-550	hiwɨd-	h i w ɨ d	0.0	False	0.16848673947
39-10-56-1	39	10-560	næn-	n æ n	0.0	False	0.0729166666667
39-10-57-1	39	10-570	ye-	j e	0.0	False	0.75
39-10-61-1	39	10-610	cet-	c e t	0.0	True	0.0808918496363
39-10-612-1	39	10-612	yo-	j o	1.0	False	0.112319486539
39-10-612-2	39	10-612	tɔn-	t ɔ n	0.0	False	0.112319486539
39-10-613-1	39	10-613	hũh-	h ũ h	0.0	False	0.0981225044601
39-10-614-1	39	10-614	hitoy’-	h i t o j’	0.0	False	0.185709232402
39-10-615-1	39	10-615	kæmæm-	k æ m æ m	0.0	False	0.0782664253008
39-10-62-1	39	10-620	d’oʔnæn-	d’ o ʔ n æ n	0.0	False	0.0180084745763
39-10-63-1	39	10-630	d’ǝh-	d’ ǝ h	0.0	False	0.133177570093
39-10-64-1	39	10-640	cob-	c o b	0.0	False	0.157051282051
39-10-65-1	39	10-650	wɔnd’ǝh-	w ɔ n d’ ǝ h	0.0	False	0.331828442438
39-10-66-1	39	10-660	wob-	w o b	0.0	False	0.197080291971
39-10-67-1	39	10-670	tu-	t u	1.0	False	0.172597864769
39-10-67-2	39	10-670	tɨy-	t ɨ j	0.0	False	0.172597864769
39-10-71-1	39	10-710	tiw pǒg	t i w # p ǒ g	0.0	True	0.311659192825
39-10-72-1	39	10-720	tíw	t í w	0.0	False	0.207468879668
39-10-74-1	39	10-740	b’ěhteg	b’ ě h t e g	0.0	False	0.417159763314
39-10-75-1	39	10-750	pǝpə́dteg	p ǝ p ə́ d t e g	0.0	False	0.667922020381
39-10-76-1	39	10-760	pǝpə́dpɔt	p ǝ p ə́ d p ɔ t	0.0	False	0.460843373494
39-10-83-1	39	10-830	nácia	n á c i a	1.0	False	0.535294117647
39-10-831-1	39	10-831	hɔhtěg	h ɔ h t ě g	0.0	False	0.435714285714
39-10-84-1	39	10-840	báwca	b á w c a	1.0	False	0.34188034188
39-10-851-1	39	10-851	hæ̃ˇy’b’ah	h æ̃ j’ b’ a h	0.0	False	0.28164556962
39-10-852-1	39	10-852	hæ̃y’-	h æ̃ j’	0.0	False	0.210900473934
39-10-91-1	39	10-910	dehd’óʔ	d e h d’ ó ʔ	0.0	False	0.433070866142
39-10-92-1	39	10-920	pæyæt-	p æ j æ t	0.0	False	0.185483870968
39-10-92-2	39	10-920	hiyæt-	h i j æ t	0.0	False	0.185483870968
39-11-11-1	39	11-110	tɔn-	t ɔ n	0.0	False	0.0366524129505
39-11-11-2	39	11-110	nɨ-	n ɨ	0.75	False	0.0366524129505
39-11-12-1	39	11-120	tɔn-	t ɔ n	0.0	False	0.256097560976
39-11-13-1	39	11-130	d’oʔ-	d’ o ʔ	0.0	True	0.100439773405
39-11-14-1	39	11-140	cuʔ-	c u ʔ	0.0	False	0.0295130349238
39-11-15-1	39	11-150	tɔn-	t ɔ n	0.0	False	0.100222717149
39-11-16-1	39	11-160	d’oʔ-	d’ o ʔ	0.0	False	0.159251769464
39-11-18-1	39	11-180	-teg	t e g	0.0	False	0.227722772277
39-11-18-2	39	11-180	hinín’ɨ̌h	h i n í n’ ɨ̌ h	0.0	False	0.227722772277
39-11-21-1	39	11-210	nɔʔ-	n ɔ ʔ	0.0	True	0.0867768595041
39-11-22-1	39	11-220	wi-	w i	0.75	False	0.0882352941176
39-11-24-1	39	11-240	wɔy-	w ɔ j	0.0	False	0.24145785877
39-11-27-1	39	11-270	hipay-	h i p a j	0.0	False	0.178846153846
39-11-27-2	39	11-270	poʔ-	p o ʔ	0.0	False	0.178846153846
39-11-28-1	39	11-280	hipay-	h i p a j	0.0	False	0.186842105263
39-11-31-1	39	11-310	yɔhɔy-	j ɔ h ɔ j	0.0	False	0.0836614173228
39-11-32-1	39	11-320	yæ̃wæ̃c-	j æ̃ w æ̃ c	0.0	False	0.0859303391384
39-11-33-1	39	11-330	b’uyd’ǝhyɨʔ-	b’ u j d’ ǝ h j ɨ ʔ	0.0	False	0.0371900826446
39-11-34-1	39	11-340	poʔ-	p o ʔ	0.0	False	0.119272555503
39-11-43-1	39	11-430	yénu	j é n u	1.0	False	0.5375
39-11-44-1	39	11-440	yénuwɨg	j é n u w ɨ g	0.0	False	0.533524904215
39-11-54-1	39	11-540	wɔy-	w ɔ j	0.0	False	0.217391304348
39-11-61-1	39	11-610	way-	w a j	0.0	False	0.0753424657534
39-11-62-1	39	11-620	wayyæ̃h-	w a j + j æ̃ h	0.0	False	0.109630266552
39-11-63-1	39	11-630	mæytubud-	m æ j t u b u d	0.0	False	0.186046511628
39-11-65-1	39	11-650	mæy-	m æ j	0.0	False	0.303797468354
39-11-78-1	39	11-780	mæ̌y	m æ̌ j	0.0	False	0.531914893617
39-11-79-1	39	11-790	mæ̌y d’oʔ-	m æ̌ j # d’ o ʔ	0.0	False	0.188966116421
39-11-81-1	39	11-810	du-	d u	1.0	False	0.15221987315
39-11-82-1	39	11-820	du-	d u	1.0	False	0.172631578947
39-11-83-1	39	11-830	du-	d u	1.0	False	0.261904761905
39-11-86-1	39	11-860	dú mɔy	d ú # m ɔ j	0.0	False	0.702127659574
39-11-87-1	39	11-870	mæ̌y	m æ̌ j	0.0	False	0.431330472103
39-11-88-1	39	11-880	mæy pǒg	m æ j # p ǒ g	0.0	False	0.297297297297
39-11-91-1	39	11-910	paha-	p a h a	0.0	False	0.128463476071
39-11-92-1	39	11-920	tæ̃ʔkey-	t æ̃ ʔ k e j	0.0	False	0.388461538462
39-12-01-1	39	12-010	hũˇyʔah	h ũ j ʔ a h	0.0	False	0.0767590618337
39-12-011-1	39	12-011	hũˇyʔah	h ũ j ʔ a h	0.0	False	0.0245398773006
39-12-02-1	39	12-020	máh	m á h	0.0	False	0.0708502024291
39-12-02-2	39	12-020	tú	t ú	0.5	False	0.0708502024291
39-12-03-1	39	12-030	tú	t ú	0.25	False	0.0477748691099
39-12-04-1	39	12-040	kɔ̌tʔah	k ɔ̌ t ʔ a h	0.0	False	0.0951219512195
39-12-041-1	39	12-041	kɔ̌tʔah	k ɔ̌ t ʔ a h	0.0	False	0.0551020408163
39-12-05-1	39	12-050	g’ǒdan	g’ ǒ d a n	0.0	False	0.0791139240506
39-12-06-1	39	12-060	hǎyʔah	h ǎ j ʔ a h	0.0	False	0.050796812749
39-12-07-1	39	12-070	mɨ̌ʔ	m ɨ̌ ʔ	0.0	False	0.0344086021505
39-12-08-1	39	12-080	póh	p ó h	0.0	False	0.0
39-12-11-1	39	12-110	-coʔ	c o ʔ	0.0	False	0.254817987152
39-12-12-1	39	12-120	w’ob-	w’ o b	0.0	False	0.0633406318424
39-12-13-1	39	12-130	pæm-	p æ m	0.0	True	0.0886075949367
39-12-14-1	39	12-140	yæt-	j æ t	0.0	False	0.01875
39-12-15-1	39	12-150	g’et-	g’ e t	0.0	True	0.0190920661858
39-12-16-1	39	12-160	dɨʔ-	d ɨ ʔ	1.0	False	0.135593220339
39-12-17-1	39	12-170	dɨ̌ʔ	d ɨ̌ ʔ	0.0	False	0.229274611399
39-12-21-1	39	12-210	cog-	c o g	0.0	False	0.144827586207
39-12-212-1	39	12-212	d’oʔ-	d’ o ʔ	0.0	False	0.099593495935
39-12-213-1	39	12-213	bug’g’et-	b u g’ g’ e t	0.0	False	0.167346938776
39-12-22-1	39	12-220	d’oʔnæ-	d’ o ʔ n æ	1.0	False	0.173306772908
39-12-23-1	39	12-230	d’oʔkawa-	d’ o ʔ k a w a	0.0	False	0.179767359887
39-12-232-1	39	12-232	d’oʔkawa-	d’ o ʔ k a w a	0.0	False	0.185915492958
39-12-24-1	39	12-240	poʔ-	p o ʔ	0.0	False	0.104895104895
39-12-25-1	39	12-250	bib’-	b i b’	0.5	False	0.178095611285
39-12-26-1	39	12-260	hicuʔ-	h i c u ʔ	0.0	False	0.0912828947368
39-12-27-1	39	12-270	yǝd-	j ǝ d	0.0	False	0.0717131474104
39-12-31-1	39	12-310	póh	p ó h	0.0	False	0.124452782989
39-12-32-1	39	12-320	tú	t ú	0.25	False	0.104931192661
39-12-33-1	39	12-330	buycóʔ	b u j c ó ʔ	0.75	False	0.255509899141
39-12-34-1	39	12-340	tú	t ú	0.25	False	0.0922982885086
39-12-35-1	39	12-350	g’ætd’óh	g’ æ t d’ ó h	0.0	False	0.0969761759316
39-12-352-1	39	12-352	j’ɨ̌g	ɟ’ ɨ̌ g	0.0	False	0.14693877551
39-12-353-1	39	12-353	pə̌w	p ə̌ w	0.0	False	0.128514056225
39-12-36-1	39	12-360	cáʔah	c á ʔ a h	0.0	False	0.139556377079
39-12-37-1	39	12-370	hæyhɔ́	h æ j h ɔ́	0.0	False	0.154411764706
39-12-41-1	39	12-410	pɨb cáʔah	p ɨ b # c á ʔ a h	0.0	False	0.0362903225806
39-12-42-1	39	12-420	cɔ̃h cáʔah	c ɔ̃ h # c á ʔ a h	0.0	False	0.15
39-12-43-1	39	12-430	máhyɨʔ	m á h j ɨ ʔ	0.0	False	0.117283950617
39-12-44-1	39	12-440	w’ěh	w’ ě h	0.0	True	0.0559701492537
39-12-53-1	39	12-530	cap-	c a p	0.0	False	0.0390070921986
39-12-54-1	39	12-540	tæ̃ʔkey-	t æ̃ ʔ k e j	0.0	False	0.196202531646
39-12-55-1	39	12-550	póg	p ó g	0.0	True	0.110869565217
39-12-56-1	39	12-560	cĩ´pm’æh	c ĩ´ p m’ æ h	0.0	True	0.0910470409712
39-12-57-1	39	12-570	w’ə̌t	w’ ə̌ t	0.0	True	0.0439783491204
39-12-58-1	39	12-580	w’ə̌t	w’ ə̌ t	0.0	False	0.0756073376301
39-12-61-1	39	12-610	hǽy	h ǽ j	0.0	True	0.45
39-12-63-1	39	12-630	g’ə́ʔ	g’ ə́ ʔ	0.0	True	0.049504950495
39-12-65-1	39	12-650	cə̌pmæh	c ə̌ p m æ h	0.0	False	0.126315789474
39-12-67-1	39	12-670	wán	w á n	0.0	False	0.148331273177
39-12-71-1	39	12-710	ʔæ̌ytænyɨ́ʔ	ʔ æ̌ j t æ n j ɨ́ ʔ	0.0	False	0.290322580645
39-12-73-1	39	12-730	mɨnɨ́ŋ	m ɨ n ɨ́ ŋ	0.0	False	0.131632653061
39-12-73-2	39	12-730	yɔ́w	j ɔ́ w	0.0	False	0.131632653061
39-12-74-1	39	12-740	totoy-	t o t o j	0.0	False	0.100684931507
39-12-75-1	39	12-750	kĩkĩn-	k ĩ k ĩ n	0.0	False	0.219827586207
39-12-76-1	39	12-760	tóg’ j’ɨ̌g	t ó g’ # ɟ’ ɨ̌ g	0.0	False	0.196790540541
39-12-77-1	39	12-770	kǝtǝg wob-	k ǝ t ǝ g # w o b	0.0	False	0.5
39-12-78-1	39	12-780	kwádru	k w á d r u	1.0	False	0.450892857143
39-12-81-1	39	12-810	dedéb	d e d é b	0.0	True	0.181985294118
39-12-82-1	39	12-820	pɔ̌t	p ɔ̌ t	0.0	False	0.252742946708
39-12-83-1	39	12-830	bóda	b ó d a	1.0	False	0.570189274448
39-12-83-2	39	12-830	-tat	t a t	0.0	False	0.570189274448
39-12-85-1	39	12-850	hǒd	h ǒ d	0.0	False	0.102459016393
39-12-92-1	39	12-920	nɨh-	n ɨ h	0.0	False	0.174363057325
39-12-93-1	39	12-930	hidoho-	h i d o h o	1.0	False	0.266540642722
39-13-01-1	39	13-010	ʔayǔp	ʔ a j ǔ p	0.0	False	0.130208333333
39-13-02-1	39	13-020	koʔǎp	k o ʔ ǎ p	0.0	False	0.230988593156
39-13-03-1	39	13-030	mɔtaʔǎp	m ɔ t a ʔ ǎ p	0.0	False	0.219101123596
39-13-04-1	39	13-040	hibab’ní	h i b a b’ n í	0.0	False	0.211956521739
39-13-05-1	39	13-050	ʔayup d’apũ´h	ʔ a j u p # d’ a p ũ´ h	0.0	False	0.228260869565
39-13-06-1	39	13-060	céc	c é c	1.0	False	0.255813953488
39-13-07-1	39	13-070	céci	c é c i	1.0	False	0.289772727273
39-13-08-1	39	13-080	ʔóytu	ʔ ó j t u	1.0	False	0.255813953488
39-13-09-1	39	13-090	nówi	n ó w i	1.0	False	0.289772727273
39-13-1-1	39	13-100	déc	d é c	1.0	True	0.275862068966
39-13-1-2	39	13-100	d’apũh nihũ´ʔ	d’ a p ũ h # n i h ũ´ ʔ	0.0	True	0.275862068966
39-13-101-1	39	13-101	ʔõ´ci	ʔ õ´ c i	1.0	False	0.231707317073
39-13-102-1	39	13-102	dóci	d ó c i	1.0	False	0.234567901235
39-13-103-1	39	13-103	kĩci	k ĩ c i	1.0	False	0.176829268293
39-13-104-1	39	13-104	vĩ´ci	v ĩ´ c i	1.0	False	0.225609756098
39-13-105-1	39	13-105	cẽ´	c ẽ´	1.0	False	0.420454545455
39-13-106-1	39	13-106	míw	m í w	1.0	False	0.581395348837
39-13-107-1	39	13-107	dɔʔ-	d ɔ ʔ	0.0	False	0.22972972973
39-13-14-1	39	13-140	nihũ´ʔ	n i h ũ´ ʔ	0.0	True	0.186956521739
39-13-14-2	39	13-140	ʔápyɨʔ	ʔ á p j ɨ ʔ	0.0	True	0.186956521739
39-13-15-1	39	13-150	də́b	d ə́ b	0.0	True	0.144230769231
39-13-16-1	39	13-160	-kǝd	k ǝ d	0.0	False	0.229838709677
39-13-181-1	39	13-181	ʔayup pɨ́d	ʔ a j u p # p ɨ́ d	0.0	False	0.0989010989011
39-13-19-1	39	13-190	pipiw’-	p i p i w’	0.25	False	0.289383561644
39-13-21-1	39	13-210	hitab-	h i t a b	0.0	True	0.106382978723
39-13-23-1	39	13-230	cə́g	c ə́ g	0.0	False	0.243639921722
39-13-24-1	39	13-240	hæyhɔ́	h æ j h ɔ́	0.0	False	0.157972440945
39-13-33-1	39	13-330	b’ɨ́yɨʔ	b’ ɨ́ j ɨ ʔ	0.0	False	0.171568627451
39-13-34-1	39	13-340	tɨhcúm	t ɨ h c ú m	0.0	False	0.123287671233
39-13-35-1	39	13-350	tɨhg’ætd’óh	t ɨ h g’ æ t d’ ó h	0.0	False	0.114395886889
39-13-37-1	39	13-370	báb’d’ǝh	b á b’ d’ ǝ h	0.0	False	0.355731225296
39-13-38-1	39	13-380	kaʔǎp mæ̌y	k a ʔ ǎ p # m æ̌ j	0.0	False	0.110465116279
39-13-44-1	39	13-440	mɔtaʔap mæ̌y	m ɔ t a ʔ a p # m æ̌ j	0.0	False	0.0897435897436
39-14-11-1	39	14-110	ʔóra	ʔ ó r a	1.0	False	0.539467341528
39-14-12-1	39	14-120	ʔidáci	ʔ i d á c i	1.0	False	0.452054794521
39-14-13-1	39	14-130	d’ǝw-	d’ ǝ w	0.0	True	0.0804597701149
39-14-13-2	39	14-130	hup	h u p	0.0	True	0.0804597701149
39-14-14-1	39	14-140	tɨhdóʔ tæ	t ɨ h d ó ʔ # t æ	0.0	False	0.162790697674
39-14-15-1	39	14-150	bɨ̌g	b ɨ̌ g	0.0	True	0.103915662651
39-14-15-2	39	14-150	tɨhwǝhə́d	t ɨ h + w ǝ h ə́ d	0.0	True	0.103915662651
39-14-15-3	39	14-150	tɨhwá	t ɨ h + w á	0.0	True	0.103915662651
39-14-16-1	39	14-160	dɨʔ tǽyɨʔ	d ɨ ʔ # t ǽ j ɨ ʔ	0.0	False	0.175
39-14-18-1	39	14-180	núpmæhyɨ́ʔ	n ú p m æ h j ɨ́ ʔ	0.0	False	0.103159851301
39-14-19-1	39	14-190	ʔopɨ́dyɨʔ	ʔ o p ɨ́ d j ɨ ʔ	0.0	False	0.23359375
39-14-21-1	39	14-210	hæ̌ŋyɨʔ	h æ̌ ŋ j ɨ ʔ	0.0	False	0.10736677116
39-14-22-1	39	14-220	hæ̌myɨʔ	h æ̌ m j ɨ ʔ	0.0	False	0.0804066543438
39-14-23-1	39	14-230	hæ̌ŋyɨʔ-	h æ̌ ŋ j ɨ ʔ	0.0	False	0.189627228525
39-14-25-1	39	14-250	cumni-	c u m n i	0.0	False	0.134168157424
39-14-26-1	39	14-260	g’ætd’óh	g’ æ t d’ ó h	0.0	False	0.131934566145
39-14-27-1	39	14-270	hũʔ-	h ũ ʔ	0.0	False	0.21518607443
39-14-28-1	39	14-280	yãhãʔ-	j ã h ã ʔ	0.0	False	0.141949152542
39-14-31-1	39	14-310	kǝkǝynɨ́h	k ǝ k ǝ j n ɨ́ h	0.0	False	0.288461538462
39-14-32-1	39	14-320	bɨ́g	b ɨ́ g	0.0	False	0.148562300319
39-14-331-1	39	14-331	núpmæhyɨ́ʔ	n ú p m æ h j ɨ́ ʔ	0.0	False	0.0568181818182
39-14-332-1	39	14-332	bɨ̌g	b ɨ̌ g	0.0	False	0.0825688073394
39-14-35-1	39	14-350	cã´p taʔ	c ã´ p # t a ʔ	0.0	False	0.112561174551
39-14-41-1	39	14-410	wág	w á g	0.0	False	0.13931181486
39-14-42-1	39	14-420	j’ə́b	ɟ’ ə́ b	0.0	True	0.0689655172414
39-14-43-1	39	14-430	wág hiyǽt	w á g # h i j ǽ t	0.0	False	0.327272727273
39-14-44-1	39	14-440	j’ǝb tǽyɨʔ	ɟ’ ǝ b # t ǽ j ɨ ʔ	0.0	False	0.144736842105
39-14-45-1	39	14-450	himɨ̌ʔg’et	h i m ɨ̌ ʔ g’ e t	0.0	False	0.103260869565
39-14-451-1	39	14-451	d’úʔ	d’ ú ʔ	0.0	False	0.159198113208
39-14-46-1	39	14-460	j’ə́bay	ɟ’ ə́ b a j	0.0	False	0.127976190476
39-14-47-1	39	14-470	nutæ̌n	n u t æ̌ n	0.0	False	0.0477528089888
39-14-48-1	39	14-480	ʔecáp	ʔ e c á p	0.0	False	0.0602409638554
39-14-481-1	39	14-481	ʔecáp hɔtʔah	ʔ e c á p # h ɔ t ʔ a h	0.0	False	0.0126582278481
39-14-49-1	39	14-490	j’ám	ɟ’ á m	0.0	True	0.0421686746988
39-14-491-1	39	14-491	j’ám hɔ̌tʔah	ɟ’ á m # h ɔ̌ t ʔ a h	0.0	False	0.0185185185185
39-14-51-1	39	14-510	ʔóra	ʔ ó r a	1.0	False	0.757505773672
39-14-53-1	39	14-530	wág tæ̃ʔkéy	w á g # t æ̃ ʔ k é j	0.0	False	0.743119266055
39-14-61-1	39	14-610	camána	c a m á n a	1.0	False	0.630555555556
39-14-62-1	39	14-620	cówag	c ó w a g	0.0	False	0.490625
39-14-63-1	39	14-630	cegúndawag	c e g ú n d a w a g	1.0	False	0.536585365854
39-14-64-1	39	14-640	técawag	t é c a w a g	1.0	False	0.525
39-14-65-1	39	14-650	kwátawag	k w á t a w a g	1.0	False	0.542682926829
39-14-66-1	39	14-660	kíntawag	k í n t a w a g	1.0	False	0.60625
39-14-67-1	39	14-670	céctawag	c é c t a w a g	1.0	False	0.573170731707
39-14-68-1	39	14-680	cáuru	c á u r u	1.0	False	0.660714285714
39-14-71-1	39	14-710	wædhɔ́	w æ dh ɔ́	0.0	False	0.192196531792
39-14-73-1	39	14-730	g’ɨ́	g’ ɨ́	0.5	False	0.186170212766
39-14-74-1	39	14-740	cɔ̃ˇhdeh	c ɔ̃ˇ h d e h	0.0	False	0.0897435897436
39-14-76-1	39	14-760	g’ɨ́	g’ ɨ́	0.5	False	0.128537735849
39-15-21-1	39	15-210	cĩh ni-	c ĩ h # n i	0.0	False	0.11408677022
39-15-21-2	39	15-210	múj ni-	m ú ɟ # n i	0.0	False	0.11408677022
39-15-89-1	39	15-890	niniŋ-	n i n i ŋ	0.0	False	0.0752688172043
39-15-212-1	39	15-212	cĩhwɨʔ-	c ĩ h + w ɨ ʔ	0.0	False	0.114606741573
39-15-22-1	39	15-220	cĩhwɨʔ-	c ĩ h + w ɨ ʔ	0.0	False	0.100421718503
39-15-25-1	39	15-250	cĩh náw	c ĩ h # n á w	0.0	False	0.104395604396
39-15-26-1	39	15-260	múj-	m ú ɟ	0.0	False	0.0179282868526
39-15-31-1	39	15-310	wædtæ̃ʔkey-	w æ d t æ̃ ʔ k e j	0.0	False	0.238775510204
39-15-35-1	39	15-350	g’ə́h	g’ ə́ h	0.0	True	0.0863095238095
39-15-36-1	39	15-360	b’ǒh ni-	b’ ǒ h # n i	0.0	False	0.0590277777778
39-15-37-1	39	15-370	j’á	ɟ’ á	0.0	True	0.0253164556962
39-15-38-1	39	15-380	g’í	g’ í	0.0	False	0.0631868131868
39-15-41-1	39	15-410	wɨʔ-	w ɨ ʔ	0.0	True	0.0469934310258
39-15-42-1	39	15-420	wɨʔ-	w ɨ ʔ	0.0	False	0.0333509793542
39-15-44-1	39	15-440	hɔ̃ˇh	h ɔ̃ˇ h	0.0	False	0.185069984448
39-15-45-1	39	15-450	hɔ̃ˇh pɨ́b	h ɔ̃ˇ h # p ɨ́ b	0.0	False	0.0473684210526
39-15-51-1	39	15-510	key-	k e j	0.0	True	0.0823293172691
39-15-52-1	39	15-520	key-	k e j	0.0	False	0.0949152542373
39-15-55-1	39	15-550	be-	b e	0.0	False	0.0612244897959
39-15-56-1	39	15-560	b’ag-	b’ a g	0.0	False	0.101821192053
39-15-57-1	39	15-570	b’ag-	b’ a g	0.0	False	0.0474433315762
39-15-62-1	39	15-620	tohó	t o h ó	0.0	False	0.130988023952
39-15-63-1	39	15-630	b’atúk	b’ a t ú k	0.0	False	0.101809954751
39-15-64-1	39	15-640	tohó	t o h ó	0.0	True	0.158653846154
39-15-65-1	39	15-650	j’á	ɟ’ á	0.0	True	0.0487804878049
39-15-66-1	39	15-660	dó	d ó	0.0	True	0.0735294117647
39-15-67-1	39	15-670	pɔ̃pɔ̃´h	p ɔ̃ p ɔ̃´ h	0.0	False	0.239889705882
39-15-68-1	39	15-680	pɔ̃pɔ̃´h	p ɔ̃ p ɔ̃´ h	0.0	True	0.167682926829
39-15-69-1	39	15-690	pohó	p o h ó	0.0	True	0.154069767442
39-15-71-1	39	15-710	hutiʔ-	h u t i ʔ	0.0	False	0.103406326034
39-15-712-1	39	15-712	cuʔkey-	c u ʔ k e j	0.0	False	0.130681818182
39-15-72-1	39	15-720	huwɨʔ-	h u w ɨ ʔ	0.0	False	0.121141975309
39-15-74-1	39	15-740	tab’áʔ	t a b’ á ʔ	0.0	True	0.0822942643392
39-15-75-1	39	15-750	y’úʔ	j’ ú ʔ	0.0	False	0.0848585690516
39-15-76-1	39	15-760	kukuç-	k u k u ç	0.0	False	0.149466192171
39-15-77-1	39	15-770	yíb	j í b	0.0	False	0.174295774648
39-15-78-1	39	15-780	j’ɨ́g	ɟ’ ɨ́ g	0.0	False	0.099609375
39-15-81-1	39	15-810	yiwík	j i w í k	0.0	True	0.0894039735099
39-15-83-1	39	15-830	pu-	p u	1.0	False	0.0975
39-15-84-1	39	15-840	hǝb-	h ǝ b	0.0	True	0.0842696629213
39-15-85-1	39	15-850	g’ɨ́	g’ ɨ́	0.5	False	0.0858938547486
39-15-86-1	39	15-860	tút	t ú t	0.0	True	0.0994897959184
39-15-86-2	39	15-860	m’ǽ	m’ ǽ	0.0	True	0.0994897959184
39-15-88-1	39	15-880	titíʔ	t i t í ʔ	0.0	False	0.133757961783
39-15-88-2	39	15-880	j’ɔ̌w’	ɟ’ ɔ̌ w’	0.0	False	0.133757961783
39-16-11-1	39	16-110	hã´wɨg	h ã´ w ɨ g	0.0	False	0.399671052632
39-16-15-1	39	16-150	cewe-	c e w e	0.0	False	0.230392156863
39-16-23-1	39	16-230	hicoco-	h i c o c o	0.0	False	0.181415929204
39-16-25-1	39	16-250	tæ̃ʔnɔ-	t æ̃ ʔ n ɔ	0.0	True	0.0581395348837
39-16-251-1	39	16-251	tæ̃ʔnɔ-	t æ̃ ʔ n ɔ	0.0	False	0.1375
39-16-26-1	39	16-260	mũhũʔ-	m ũ h ũ ʔ	0.0	False	0.0426829268293
39-16-27-1	39	16-270	wɔy-	w ɔ j	0.0	False	0.153241650295
39-16-29-1	39	16-290	beca-	b e c a	1.0	False	0.196132596685
39-16-29-2	39	16-290	dɔwɔ̌h ʔun’-	d ɔ w ɔ̌ h # ʔ u n’	0.0	False	0.196132596685
39-16-3-1	39	16-300	kay’-	k a j’	0.0	False	0.18045112782
39-16-31-1	39	16-310	pěʔ	p ě ʔ	0.0	False	0.12380952381
39-16-32-1	39	16-320	hãwɨg hihũʔ-	h ã w ɨ g # h i h ũ ʔ	0.0	False	0.337370242215
39-16-33-1	39	16-330	hɔni-	h ɔ n i	0.0	False	0.145328719723
39-16-34-1	39	16-340	hɔni-	h ɔ n i	0.0	False	0.269033674963
39-16-35-1	39	16-350	hɔni-	h ɔ n i	0.0	False	0.3046875
39-16-37-1	39	16-370	ʔɔt-	ʔ ɔ t	0.0	True	0.12915851272
39-16-38-1	39	16-380	kǝwǝg děh	k ǝ w ǝ g # d ě h	0.0	False	0.0625
39-16-39-1	39	16-390	papad-	p a p a d	0.0	False	0.140718562874
39-16-41-1	39	16-410	keytǝw-	k e j t ǝ w	0.0	False	0.109826589595
39-16-42-1	39	16-420	tǝwway-	t ǝ w + w a j	0.0	False	0.216165413534
39-16-44-1	39	16-440	hib’i-	h i b’ i	0.0	False	0.286956521739
39-16-45-1	39	16-450	hutbi-	h u t b i	0.0	False	0.116666666667
39-16-48-1	39	16-480	hãwɨg náw	h ã w ɨ g # n á w	0.0	False	0.325301204819
39-16-52-1	39	16-520	tɨhpɨ´b ʔĩh	t ɨ h p ɨ´ b # ʔ ĩ h	0.0	False	0.284638554217
39-16-53-1	39	16-530	ʔɔm-	ʔ ɔ m	0.0	False	0.120879120879
39-16-54-1	39	16-540	yɔ̃ʔɔ́m	j ɔ̃ ʔ ɔ́ m	0.0	False	0.358851674641
39-16-62-1	39	16-620	tuk-	t u k	0.0	False	0.123794212219
39-16-622-1	39	16-622	hid-	h i d	0.0	False	0.143369175627
39-16-66-1	39	16-660	tɨhɨ́tyɨʔ	t ɨ h ɨ́ t j ɨ ʔ	0.0	False	0.228571428571
39-16-67-1	39	16-670	tɨh-	t ɨ h	0.0	False	0.0943396226415
39-16-69-1	39	16-690	himɨhɨn-	h i m ɨ h ɨ n	0.0	False	0.342592592593
39-16-71-1	39	16-710	náw	n á w	0.0	True	0.107212475634
39-16-72-1	39	16-720	páy	p á j	0.0	False	0.0874558303887
39-16-73-1	39	16-730	dɔʔkěy	d ɔ ʔ k ě j	0.0	False	0.265695067265
39-16-76-1	39	16-760	hiyóʔ	h i j ó ʔ	0.0	False	0.423398328691
39-16-76-2	39	16-760	kúpa	k ú p a	1.0	False	0.423398328691
39-16-77-1	39	16-770	páy bɨʔ-	p á j # b ɨ ʔ	0.0	False	0.191066997519
39-16-79-1	39	16-790	hitamaʔ-	h i t a m a ʔ	0.0	False	0.196428571429
39-16-81-1	39	16-810	tuhúp	t u h ú p	0.0	False	0.217028380634
39-16-82-1	39	16-820	páy	p á j	0.0	False	0.249087591241
39-16-83-1	39	16-830	wɔy-	w ɔ j	0.0	False	0.28901734104
39-17-11-1	39	17-110	huphipãˇh	h u p + h i p ã ˇh	0.0	False	0.275061124694
39-17-14-1	39	17-140	hipãh-	h i p ã h	0.0	False	0.206131078224
39-17-15-1	39	17-150	hipãh-	h i p ã h	0.0	False	0.369897959184
39-17-16-1	39	17-160	hipãh-	h i p ã h	0.0	False	0.288348371911
39-17-17-1	39	17-170	hipãh-	h i p ã h	0.0	True	0.0666936135812
39-17-171-1	39	17-171	keyhipãh-	k e j h i p ã h	0.0	False	0.224696356275
39-17-172-1	39	17-172	hitæ̃ʔ-	h i t æ̃ ʔ	0.0	False	0.226744186047
39-17-18-1	39	17-180	bahad-	b a h a d	0.0	False	0.103346456693
39-17-19-1	39	17-190	hipãˇhteg	h i p ã ˇh t e g	0.0	False	0.493307839388
39-17-23-1	39	17-230	miŋ-	m i ŋ	0.0	False	0.160087719298
39-17-24-1	39	17-240	b’oy-	b’ o j	1.0	False	0.259637188209
39-17-242-1	39	17-242	b’oy-	b’ o j	1.0	False	0.42209631728
39-17-25-1	39	17-250	b’oy-	b’ o j	1.0	False	0.10251450677
39-17-26-1	39	17-260	b’ǒyopʔĩh	b’ ǒ j o p ʔ ĩ h	0.0	False	0.338888888889
39-17-27-1	39	17-270	b’ǒyopʔĩh	b’ ǒ j o p ʔ ĩ h	0.0	False	0.512931034483
39-17-28-1	39	17-280	b’ǒy mɔy	b’ ǒ j # m ɔ j	0.0	False	0.690273037543
39-17-31-1	39	17-310	hipãh-	h i p ã h	0.0	False	0.137665198238
39-17-32-1	39	17-320	himɨhɨn-	h i m ɨ h ɨ n	0.0	False	0.0708661417323
39-17-37-1	39	17-370	tɨhɨ́tyɨʔ	t ɨ h ɨ́ t j ɨ ʔ	0.0	False	0.325379609544
39-17-38-1	39	17-380	tɔ̃h-	t ɔ̃ h	0.0	False	0.283783783784
39-17-41-1	39	17-410	wɨʔhamd’ə̌hteg	w ɨ ʔ + h a m d’ ə̌ h t e g	0.0	False	0.445269016698
39-17-42-1	39	17-420	hicéʔ	h i c é ʔ	0.0	False	0.491183879093
39-17-441-1	39	17-441	ʔɨdcud-	ʔ ɨ d c u d	0.0	False	0.362068965517
39-17-45-1	39	17-450	tǔk	t ǔ k	0.0	False	0.289090909091
39-17-47-1	39	17-470	hamhũynɨ́h	h a m + h ũ j n ɨ́ h	0.0	False	0.25
39-17-48-1	39	17-480	-key-	k e j	0.0	False	0.353535353535
39-17-52-1	39	17-520	keyóʔ	k e j ó ʔ	0.0	False	0.354368932039
39-17-53-1	39	17-530	-tæn	t æ n	0.0	False	0.162295081967
39-17-54-1	39	17-540	ʔó	ʔ ó	1.0	False	0.39175257732
39-17-55-1	39	17-550	hə̌ʔ	h ə̌ ʔ	0.0	False	0.136363636364
39-17-56-1	39	17-560	-nɨ́h	n ɨ́ h	0.0	False	0.159090909091
39-17-61-1	39	17-610	hɨ̃p	h ɨ̃ p	0.0	False	0.0204280155642
39-17-62-1	39	17-620	hɨ̃ʔap	h ɨ̃ ʔ a p	0.0	False	0.0608108108108
39-17-63-1	39	17-630	hɨ̃m’ǽ	h ɨ̃ m’ ǽ	0.0	False	0.0541666666667
39-17-64-1	39	17-640	hɨ̃n’ɨ̌h	h ɨ̃ n’ ɨ̌ h	0.0	True	0.0292397660819
39-17-65-1	39	17-650	hɨ̃m’ǽ	h ɨ̃ m’ ǽ	0.0	False	0.0473684210526
39-17-66-1	39	17-660	hɨ̃cóʔ	h ɨ̃ c ó ʔ	0.0	False	0.00263157894737
39-17-66-2	39	17-660	hɨ̃kán	h ɨ̃ k á n	0.0	False	0.00263157894737
39-17-67-1	39	17-670	hɨ̃p	h ɨ̃ p	0.0	False	0.0059880239521
39-17-68-1	39	17-680	ʔǔy	ʔ ǔ j	0.0	True	0.0323741007194
39-17-69-1	39	17-690	hɨnɨykeyóʔ	h ɨ n ɨ j k e j ó ʔ	0.0	False	0.0051724137931
39-18-11-1	39	18-110	ʔɨ́d	ʔ ɨ́ d	0.0	False	0.265171503958
39-18-12-1	39	18-120	yamhĩdɔʔ-	j a m + h ĩ d ɔ ʔ	0.0	False	0.056420233463
39-18-13-1	39	18-130	kaw-	k a w	0.0	False	0.104651162791
39-18-15-1	39	18-150	ʔɨdcacay-	ʔ ɨ d c a c a j	0.0	False	0.157894736842
39-18-16-1	39	18-160	ʔɨʔɨd-	ʔ ɨ ʔ ɨ d	0.0	False	0.0945945945946
39-18-17-1	39	18-170	wiç-	w i ç	0.75	False	0.142105263158
39-18-17-2	39	18-170	wɔ̃c-	w ɔ̃ c	0.0	False	0.142105263158
39-18-18-1	39	18-180	pĩk-	p ĩ k	0.0	False	0.184397163121
39-18-19-1	39	18-190	ʔɔt-	ʔ ɔ t	0.0	False	0.0379746835443
39-18-21-1	39	18-210	ʔɨd-	ʔ ɨ d	0.0	False	0.0925373134328
39-18-211-1	39	18-211	kukuʔ-	k u k u ʔ	1.0	False	0.126373626374
39-18-211-2	39	18-211	w’ãʔw’ãʔ-	w’ ã ʔ + w’ ã ʔ	0.0	False	0.126373626374
39-18-22-1	39	18-220	nɔ-	n ɔ	0.0	True	0.0277264325323
39-18-221-1	39	18-221	pɨnɨŋ-	p ɨ n ɨ ŋ	0.0	False	0.137855579869
39-18-222-1	39	18-222	ʔɨ́d	ʔ ɨ́ d	0.0	False	0.335784313725
39-18-24-1	39	18-240	ʔɨ́d	ʔ ɨ́ d	0.0	False	0.306818181818
39-18-26-1	39	18-260	ʔɨ́d	ʔ ɨ́ d	0.0	False	0.2542997543
39-18-28-1	39	18-280	hǎt	h ǎ t	0.0	True	0.0852272727273
39-18-31-1	39	18-310	ʔihkey-	ʔ i h k e j	0.0	False	0.131632653061
39-18-32-1	39	18-320	g’ætd’oʔ-	g’ æ t d’ o ʔ	0.0	False	0.216300940439
39-18-35-1	39	18-350	ʔih-	ʔ i h	0.0	False	0.0913043478261
39-18-38-1	39	18-380	yæ̃hnɨ́h	j æ̃ h n ɨ́ h	0.0	False	0.322207084469
39-18-39-1	39	18-390	tǝw-	t ǝ w	0.0	False	0.166666666667
39-18-41-1	39	18-410	ʔey-	ʔ e j	0.0	False	0.109669811321
39-18-42-1	39	18-420	hǎt ʔey-	h ǎ t # ʔ e j	0.0	False	0.0801526717557
39-18-51-1	39	18-510	hɨʔ-	h ɨ ʔ	0.0	False	0.288747346072
39-18-52-1	39	18-520	cug’æ̌t key-	c u g’ æ̌ t # k e j	0.0	False	0.433544303797
39-18-52-2	39	18-520	de-	d e	1.0	False	0.433544303797
39-18-56-1	39	18-560	cug’æ̌t	c u g’ æ̌ t	0.0	False	0.719524617997
39-18-57-1	39	18-570	dápi	d á p i	1.0	False	0.726804123711
39-18-61-1	39	18-610	cug’æ̌t	c u g’ æ̌ t	0.0	False	0.62179685088
39-18-71-1	39	18-710	pĩˇhteg	p ĩ ˇh t e g	0.0	False	0.332608695652
39-18-72-1	39	18-720	mætb’ɔ́k	m æ t b’ ɔ́ k	0.0	False	0.394444444444
39-18-73-1	39	18-730	mǔc	m ǔ c	0.0	False	0.46837944664
39-18-74-1	39	18-740	tǎj	t ǎ ɟ	0.0	False	0.19696969697
39-19-11-1	39	19-110	j’áh	ɟ’ á h	0.0	False	0.480088495575
39-19-15-1	39	19-150	hayám	h a j á m	0.0	False	0.467567567568
39-19-16-1	39	19-160	hayám	h a j á m	0.0	False	0.288718929254
39-19-17-1	39	19-170	tǎʔ	t ǎ ʔ	0.0	False	0.433012583272
39-19-23-1	39	19-230	tæ̃ˇhd’ǝh	t æ̃ ˇh d’ ǝ h	0.0	False	0.448936170213
39-19-24-1	39	19-240	kapitã´w	k a p i t ã´ w	1.0	False	0.344481180061
39-19-24-2	39	19-240	yɔʔɔ̌mʔĩh	j ɔ ʔ ɔ̌ m ʔ ĩ h	0.0	False	0.344481180061
39-19-25-1	39	19-250	cǒhteg	c ǒ h t e g	0.0	False	0.244565217391
39-19-43-1	39	19-430	hũˇh	h ũ ˇh	0.0	False	0.355769230769
39-19-45-1	39	19-450	yæ̃h-	j æ̃ h	0.0	False	0.421532846715
39-19-47-1	39	19-470	y’æt-	j’ æ t	0.0	False	0.258928571429
39-19-51-1	39	19-510	ʔɨnɨtʔǔyʔĩh	ʔ ɨ n ɨ t ʔ ǔ j ʔ ĩ h	0.0	False	0.413385826772
39-19-52-1	39	19-520	keytə́wǝpʔĩh	k e j t ə́ w ǝ p ʔ ĩ h	0.0	False	0.445652173913
39-19-54-1	39	19-540	ʔɨn máhayʔĩh	ʔ ɨ n # m á h a j ʔ ĩ h	0.0	False	0.205128205128
39-19-55-1	39	19-550	w’ěheyʔĩh	w’ ě h e j ʔ ĩ h	0.0	False	0.222
39-19-58-1	39	19-580	bɨʔhitam-	b ɨ ʔ + h i t a m	0.0	False	0.218579234973
39-19-58-2	39	19-580	bɨʔnæ-	b ɨ ʔ n æ	0.0	False	0.218579234973
39-19-59-1	39	19-590	d’oʔyahãʔ-	d’ o ʔ j a h ã ʔ	0.0	False	0.237871107893
39-19-61-1	39	19-610	niteg	n i t e g	0.0	False	0.466292134831
39-19-62-1	39	19-620	ʔũhtǝw-	ʔ ũ h t ǝ w	0.0	False	0.184322033898
39-19-65-1	39	19-650	hitaʔ-	h i t a ʔ	0.0	False	0.0754716981132
39-19-65-2	39	19-650	yæ̃wæ̃c-	j æ̃ w æ̃ c	0.0	False	0.0754716981132
39-20-11-1	39	20-110	ʔũhmæh-	ʔ ũ h m æ h	0.0	False	0.132352941176
39-20-13-1	39	20-130	ʔũhmæh	ʔ ũ h m æ h	0.0	False	0.341205211726
39-20-17-1	39	20-170	cudáda	c u d á d a	1.0	False	0.577181208054
39-20-21-1	39	20-210	d’apb’ǔyteg	d’ a p b’ ǔ j t e g	0.0	False	0.33950617284
39-20-22-1	39	20-220	tǎw	t ǎ w	0.0	False	0.369020501139
39-20-24-1	39	20-240	g’ígb’ah	g’ í g b’ a h	0.0	False	0.157534246575
39-20-25-1	39	20-250	mǔh	m ǔ h	0.0	False	0.191358024691
39-20-26-1	39	20-260	cɔ̌hteg	c ɔ̌ h t e g	0.0	False	0.253048780488
39-20-28-1	39	20-280	teghɔ̃´teg	t e g + h ɔ̃´ t e g	0.0	False	0.590909090909
39-20-35-1	39	20-350	hicád	h i c á d	0.0	False	0.483333333333
39-20-41-1	39	20-410	gaña-	g a ñ a	1.0	False	0.326923076923
39-20-43-1	39	20-430	ʔũhmæh	ʔ ũ h m æ h	0.0	False	0.326388888889
39-20-44-1	39	20-440	ʔũhmæh-	ʔ ũ h m æ h	0.0	False	0.191011235955
39-20-48-1	39	20-480	hæ̃ˇh	h æ̃ ˇh	0.0	False	0.271306818182
39-20-51-1	39	20-510	hɔ̃p kə́kǝpʔĩh	h ɔ̃ p # k ə́ k ǝ p ʔ ĩ h	0.0	False	0.178571428571
39-20-52-1	39	20-520	hɔ̃pkə́k	h ɔ̃ p k ə́ k	0.0	False	0.184931506849
39-20-53-1	39	20-530	hɔ̃pkǝk tɨ́t	h ɔ̃ p k ǝ k # t ɨ́ t	0.0	False	0.252155172414
39-20-54-1	39	20-540	hɔ̃p cæ̌g	h ɔ̃ p # c æ̌ g	0.0	False	0.263157894737
39-20-55-1	39	20-550	wɨ̌ç	w ɨ̌ ç	0.0	False	0.229166666667
39-20-61-1	39	20-610	hũ´ mæh-	h ũ´ # m æ h	0.0	False	0.0952088452088
39-20-61-2	39	20-610	nɔway-	n ɔ w a j	0.0	False	0.0952088452088
39-20-62-1	39	20-620	teghɔ̃-	t e g + h ɔ̃	0.0	False	0.0927750410509
39-20-62-2	39	20-620	g’ig-	g’ i g	0.0	False	0.0927750410509
39-20-63-1	39	20-630	duʔ-	d u ʔ	1.0	False	0.158407798538
39-20-64-1	39	20-640	mɔh ká	m ɔ h # k á	0.0	False	0.235494880546
39-20-65-1	39	20-650	d’oʔ-	d’ o ʔ	0.0	False	0.0574712643678
39-21-18-1	39	21-180	yǔy	j ǔ j	1.0	False	0.544871794872
39-21-39-1	39	21-390	pǝrécu mɔy	p ǝ r é c u # m ɔ j	1.0	False	0.510204081633
39-21-42-1	39	21-420	mæh-	m æ h	0.0	False	0.140425531915
39-21-43-1	39	21-430	bɨʔyǝd-	b ɨ ʔ j ǝ d	0.0	False	0.369565217391
39-21-44-1	39	21-440	d’oʔ-	d’ o ʔ	0.0	False	0.328767123288
39-21-46-1	39	21-460	tujd’ak-	t u ɟ d’ a k	0.0	False	0.128424657534
39-21-51-1	39	21-510	j’ek-	ɟ’ e k	0.0	False	0.130637636081
39-21-52-1	39	21-520	j’ekpóg	ɟ’ e k p ó g	0.0	False	0.173267326733
39-22-12-1	39	22-120	g’æ̌gtæ̃h	g’ æ̌ g t æ̃ h	0.0	False	0.365853658537
39-22-13-1	39	22-130	yumb’ǒy mɔy	j u m b’ ǒ j # m ɔ j	0.0	False	0.616438356164
39-22-16-1	39	22-160	yumb’oy-	j u m b’ o j	1.0	False	0.252808988764
39-22-18-1	39	22-180	p’ǎy	p’ ǎ j	1.0	False	0.621495327103
39-22-19-1	39	22-190	yumb’oywóbop	j u m b’ o j w ó b o p	0.0	False	0.286480686695
39-22-22-1	39	22-220	ʔɨd-	ʔ ɨ d	0.0	False	0.584615384615
39-22-23-1	39	22-230	biʔid-	b i ʔ i d	0.0	False	0.289473684211
39-22-24-1	39	22-240	doh-	d o h	0.75	False	0.168604651163
39-22-31-1	39	22-310	póh	p ó h	0.0	False	0.383096003675
39-22-32-1	39	22-320	teghɔ̃´	t e g + h ɔ̃´	0.0	False	0.492829204694
39-22-35-1	39	22-350	baʔtɨ̌b’	b a ʔ t ɨ̌ b’	0.0	False	0.443661971831
39-22-43-1	39	22-430	cə́w	c ə́ w	0.0	False	0.230243161094
39-22-45-1	39	22-450	baʔtɨ̌b’	b a ʔ t ɨ̌ b’	0.0	False	0.302013422819
39-22-47-1	39	22-470	nin’-	n i n’	0.0	False	0.350746268657
39-23-1-1	39	23-100	hupnúh	h u p n ú h	0.0	False	
39-23-1-2	39	23-100	pɨnɨŋwɨ̌ʔ	p ɨ n ɨ ŋ + w ɨ̌ ʔ	0.0	False	
39-23-1-3	39	23-100	hupʔɨd cáʔ	h u p ʔ ɨ d # c á ʔ	0.0	False	
39-23-11-1	39	23-110	tedevicãw	t e d e v i c ã w	1.0	False	
39-23-12-1	39	23-120	ʔɨd d’ǝhd’ǝhhámteg	ʔ ɨ d # d’ ǝ h d’ ǝ h + h á m t e g	0.0	False	
39-23-135-1	39	23-135	pǝpə́dteg	p ǝ p ə́ d t e g	0.0	False	
39-23-14-1	39	23-140	pǝpə́dteg	p ǝ p ə́ d t e g	0.0	False	
39-23-15-1	39	23-150	pǝpə́dteg	p ǝ p ə́ d t e g	0.0	False	
39-23-16-1	39	23-160	wayd’óʔteg	w a j d’ ó ʔ t e g	0.0	False	
39-23-17-1	39	23-170	pæ̃y	p æ̃ j	0.0	False	
39-23-175-1	39	23-175	pídiya wɨg	p í d i j a # w ɨ g	1.0	False	
39-23-175-2	39	23-175	pæ̃´y caʔ	p æ̃´ j # c a ʔ	0.0	False	
39-23-2-1	39	23-200	yɔ̃ˇh mɔy	j ɔ̃ˇ h # m ɔ j	0.0	False	
39-23-21-1	39	23-210	yɔ̃ˇhʔãy	j ɔ̃ˇ h ʔ ã j	0.0	False	
39-23-22-1	39	23-220	yɔ̃ˇhwɨg	j ɔ̃ˇ h + w ɨ g	0.0	False	
39-23-23-1	39	23-230	cĩy’-	c ĩ j’	0.0	False	
39-23-51-1	39	23-510	bacíya	b a c í j a	1.0	False	
39-23-52-1	39	23-520	y’æ̌ʔteg	j’ æ̌ ʔ t e g	0.0	False	
39-23-32-1	39	23-320	hɔwædnuhdó	h ɔ w æ d n u h d ó	1.0	False	
39-23-33-1	39	23-330	podíciya	p o d í c i j a	1.0	False	
39-23-42-1	39	23-420	cug’æ̌t	c u g’ æ̌ t	0.0	False	
39-23-54-1	39	23-540	tód’	t ó d’	0.0	False	
39-23-56-1	39	23-560	tód’	t ó d’	0.0	False	
39-23-565-1	39	23-565	næ̌ŋ	n æ̌ ŋ	0.0	False	
39-23-24-1	39	23-240	kǝwǝgtúʔ	k ǝ w ǝ g t ú ʔ	0.0	False	
39-23-59-1	39	23-590	hũˇt	h ũ t	0.0	False	
39-23-61-1	39	23-610	karendário	k a r e n d á r i o	1.0	False	
39-23-63-1	39	23-630	yám	j á m	0.0	False	
39-23-64-1	39	23-640	yám	j á m	0.0	False	
39-23-39-1	39	23-390	númeru	n ú m e r u	1.0	False	
39-23-195-1	39	23-195	náŋ	n á ŋ	0.0	False	
39-23-185-1	39	23-185	motúdutat	m o t ú d u t a t	1.0	False	
39-23-395-1	39	23-395	tíw pǒg	t í w # p ǒ g	0.0	False	
39-19-565-1	39	19-565	ʔeyd’ǝh-	ʔ e j d’ ǝ h	0.0	False	
39-24-01-1	39	24-010	ni-	n i	0.75	False	
39-24-02-1	39	24-020	hidoho-	h i d o h o	1.0	False	
39-24-03-1	39	24-030	pãˇ	p ãˇ	0.0	False	0.219424460432
39-24-13-1	39	24-130	ʔayǔpyɨʔ	ʔ a j ǔ p j ɨ ʔ	0.0	False	0.114942528736
39-24-06-1	39	24-060	-nɨh	n ɨ h	0.0	False	0.0354838709677
39-24-07-1	39	24-070	núp	n ú p	0.0	False	
39-24-08-1	39	24-080	n’íp	n’ í p	0.0	False	
39-24-08-2	39	24-080	yúp	j ú p	0.0	False	
39-24-09-1	39	24-090	nút	n ú t	0.0	False	
39-24-1-1	39	24-100	n’ít	n’ í t	0.0	False	
39-24-11-1	39	24-110	j’ã´p	ɟ’ ã´ p	0.0	False	
39-4-493-1	39	4-493	b’ɔ̌y mɔy	b’ ɔ̌ j # m ɔ j	0.0	False	
39-23-91-1	39	23-910	kapé	k a p é	1.0	False	
39-24-12-1	39	24-120	yúp hũyʔah	j ú p # h ũ j ʔ a h	0.0	False	
39-3-869-1	39	3-869	wɔ̌m	w ɔ̌ m	0.0	False	
39-3-8112-1	39	3-811	næ̌m	n æ̌ m	0.0	True	0.0493421052632
39-4-494-1	39	4-494	b’ɔ̌y	b’ ɔ̌ j	0.0	False	
39-3-99-1	39	3-990	tǎh	t ǎ h	0.0	False	
39-9-93-1	39	9-930	pǎç	p ǎ ç	0.0	False	
39-9-92-1	39	9-920	cǽ	c ǽ	0.0	False	
39-8-28-1	39	8-280	těg	t ě g	0.0	False	
39-3-833-1	39	3-833	cə́ʔ	c ə́ ʔ	0.0	False	
39-3-834-1	39	3-834	b’úʔ	b’ ú ʔ	0.0	False	
39-3-835-1	39	3-835	tahcěb	t a h c ě b	0.0	False	
39-3-89-1	39	3-890	bɨ́g	b ɨ́ g	0.0	False	
39-3-598-1	39	3-598	cɔkw’ə́t	c ɔ k w’ ə́ t	0.0	False	
39-3-9-1	39	3-900	yaʔám	j a ʔ á m	0.0	False	
39-5-983-1	39	5-983	b’ǎʔ	b’ ǎ ʔ	0.5	False	
39-7-66-1	39	7-660	yág	j á g	0.0	False	
39-9-9-1	39	9-900	g’ɔp-	g’ ɔ p	0.0	False	
39-10-58-1	39	10-580	b’ay-	b’ a j	0.0	False	
39-3-917-1	39	3-917	tǎh	t ǎ h	0.0	False	
39-1-831-1	39	1-831	j’ɨ̌k	ɟ’ ɨ̌ k	0.0	False	0.225158562368
39-2-5-1	39	2-500	dú	d ú	0.0	False	0.128378378378
39-2-931-1	39	2-931	tɨ́h	t ɨ́ h	0.0	False	0.0580945003873
39-2-932-1	39	2-932	tɨ́h	t ɨ́ h	0.0	False	0.0531537916371
39-2-933-1	39	2-933	tɨ́h	t ɨ́ h	0.0	False	0.03367003367
39-4-741-1	39	4-741	ʔɨ̌b’	ʔ ɨ̌ b’	0.0	False	0.283018867925
39-4-844-1	39	4-844	pěʔ	p ě ʔ	0.0	False	0.338235294118
39-7-232-1	39	7-232	bíb’teg	b í b’ t e g	0.0	False	0.456928838951
39-11-29-1	39	11-290	páy bɨʔ-	p á j # b ɨ ʔ	0.0	False	0.253125
39-12-081-1	39	12-081	buycóʔ	b u j c ó ʔ	0.75	False	0.0313088512241
39-13-231-1	39	13-231	cə́g	c ə́ g	0.0	False	0.162857142857
39-13-331-1	39	13-331	ʔayǔpyɨʔ	ʔ a j ǔ p j ɨ ʔ	0.0	False	0.102409638554
39-14-251-1	39	14-251	tɨhcúm	t ɨ h c ú m	0.0	False	0.220588235294
39-14-411-1	39	14-411	wág	w á g	0.0	False	0.190265486726
39-22-131-1	39	22-131	yumb’ǒy mɔy	j u m b’ ǒ j # m ɔ j	0.0	False	0.658482142857
39-4-7501-1	39	4-750	naʔyɨʔɨy	n a ʔ j ɨ ʔ ɨ j	0.0	False	0.204545454545
39-4-8541-1	39	4-854	kokoj-	k o k o ɟ	0.0	False	0.0925196850394
39-9-111-1	39	9-111	bɨʔ-	b ɨ ʔ	0.0	False	0.0799637899819
39-4-431-1	39	4-431	tǒk	t ǒ k	0.0	False	0.156612529002
39-12-012-1	39	12-012	g’ǒdan	g’ ǒ d a n	0.0	False	0.0520504731861
39-5-99904-1	39	5-999	kápiʔ	k á p i ʔ	1.0	False	
