ID	Language_ID	Parameter_ID	Form	Segments	BorrowedScore	Essential	Borrowability
41-1-1-1	41	1-100	mapu	m a p u	0.0	FALSE	0.401886792453
41-1-21-1	41	1-210	mapu	m a p u	0.0	FALSE	0.268285123967
41-1-212-1	41	1-212	püllü	p ɨ ʎ ɨ	0.0	TRUE	0.0999346120314
41-1-212-2	41	1-212	kuyüm	k u y ɨ m	0.0	TRUE	0.0999346120314
41-1-213-1	41	1-213	trufür	ʈʂ u f ɨ ɻ	0.0	FALSE	0.233766233766
41-1-213-2	41	1-213	trufken	ʈʂ u f k e n	0.0	FALSE	0.233766233766
41-1-214-1	41	1-214	fotra	f o ʈʂ a	0.0	FALSE	0.153973509934
41-1-215-1	41	1-215	kuyüm	k u y ɨ m	0.0	TRUE	0.0994475138122
41-1-215-2	41	1-215	achef kuyüm	a tʃ e f # k u y ɨ m	0.0	TRUE	0.0994475138122
41-1-22-1	41	1-220	mawiza	m a w i z a	0.0	FALSE	0.173913043478
41-1-22-2	41	1-220	wingkul	w i ŋ k u l	0.0	FALSE	0.173913043478
41-1-22-3	41	1-220	kalel	k a l e l	0.75	FALSE	0.173913043478
41-1-222-1	41	1-222	lil	l i l	0.0	FALSE	0.165760869565
41-1-23-1	41	1-230	laf mapu	l a f # m a p u	0.0	FALSE	0.260073260073
41-1-23-2	41	1-230	lelfün	l e l f ɨ n	0.0	FALSE	0.260073260073
41-1-24-1	41	1-240	waw	w a w	0.0	FALSE	0.183908045977
41-1-25-1	41	1-250	wapi	w a p i	0.0	FALSE	0.387978142077
41-1-26-1	41	1-260	mapu	m a p u	0.0	FALSE	0.423224568138
41-1-27-1	41	1-270	inaltu	i n a l t u	0.0	FALSE	0.153273809524
41-1-28-1	41	1-280	lolo	l o l o	0.0	FALSE	0.195054945055
41-1-31-1	41	1-310	ko	k o	0.0	TRUE	0.0911062906725
41-1-32-1	41	1-320	ḻafkeṉ	l̪ a f k e n̪	0.0	FALSE	0.461832061069
41-1-322-1	41	1-322	ñüküf	ɲ ɨ k ɨ f	0.0	FALSE	0.264705882353
41-1-322-2	41	1-322	tüng	t ɨ ŋ	0.0	FALSE	0.264705882353
41-1-323-1	41	1-323	illkuley	i ʎ k u l e y	0.0	FALSE	0.161290322581
41-1-324-1	41	1-324	trorfan	ʈʂ o ɻ f a n	0.0	FALSE	0.148936170213
41-1-324-2	41	1-324	tronün	ʈʂ o n ɨ n	0.0	FALSE	0.148936170213
41-1-329-1	41	1-329	ḻafkeṉ	l̪ a f k e n̪	0.0	FALSE	0.611650485437
41-1-33-1	41	1-330	ḻafkeṉ	l̪ a f k e n̪	0.0	FALSE	0.21472392638
41-1-341-1	41	1-341	pichi ḻafkeṉ	p i tʃ i # l̪ a f k e n̪	0.0	FALSE	0.386904761905
41-1-341-2	41	1-341	lawna	l a w n a	1.0	FALSE	0.386904761905
41-1-342-1	41	1-342	lil	l i l	0.0	FALSE	0.238095238095
41-1-35-1	41	1-350	rew	ɻ e w	0.0	FALSE	0.133522727273
41-1-354-1	41	1-354	tripako	ʈʂ i p a k o	0.0	FALSE	0.144230769231
41-1-36-1	41	1-360	ḻewfü	l̪ e w f ɨ	0.0	FALSE	0.223816355811
41-1-36-2	41	1-360	witrun ko	w i ʈʂ u n # k o	0.0	FALSE	0.223816355811
41-1-362-1	41	1-362	pewül ko	p e w ɨ l # k o	0.0	FALSE	0.0975609756098
41-1-37-1	41	1-370	wüf ko	w ɨ f # k o	0.0	FALSE	0.205426356589
41-1-37-2	41	1-370	rüngan ko	ɻ ɨ ŋ a n # k o	0.0	FALSE	0.205426356589
41-1-38-1	41	1-380	llozko	ʎ o z k o	0.0	FALSE	0.208737864078
41-1-38-2	41	1-380	menoko	m e n o k o	0.0	FALSE	0.208737864078
41-1-39-1	41	1-390	traytray ko	ʈʂ a y ʈʂ a y # k o	0.0	FALSE	0.224719101124
41-1-39-2	41	1-390	witrun ko	w i ʈʂ u n # k o	0.0	FALSE	0.224719101124
41-1-41-1	41	1-410	lemu	l e m u	0.0	FALSE	0.1646884273
41-1-43-1	41	1-430	mamüll	m a m ɨ ʎ	0.0	TRUE	0.140122511485
41-1-44-1	41	1-440	kura	k u ɻ a	0.0	TRUE	0.105
41-1-44-2	41	1-440	lil	l i l	0.0	TRUE	0.105
41-1-45-1	41	1-450	nüyüṉ	n ɨ y ɨ n̪	0.0	FALSE	0.25
41-1-51-1	41	1-510	wenu mapu	w e n u # m a p u	0.0	FALSE	0.273542600897
41-1-51-2	41	1-510	wenu	w e n u	0.0	FALSE	0.273542600897
41-1-52-1	41	1-520	antü	a n t ɨ	0.25	TRUE	0.13900203666
41-1-53-1	41	1-530	küyeṉ	k ɨ y e n̪	0.0	TRUE	0.284198113208
41-1-54-1	41	1-540	wangüḻen	w a ŋ ɨ l̪ e n	0.0	TRUE	0.1703187251
41-1-55-1	41	1-550	llüfke	ʎ ɨ f k e	0.0	FALSE	0.16
41-1-56-1	41	1-560	tralkan	ʈʂ a l k a n	0.0	FALSE	0.104247104247
41-1-57-1	41	1-570	llüfke	ʎ ɨ f k e	0.0	FALSE	0.255681818182
41-1-58-1	41	1-580	lulul wenu	l u l u l # w e n u	0.0	FALSE	0.235401459854
41-1-58-2	41	1-580	küm küm wenu	k ɨ m # k ɨ m # w e n u	0.0	FALSE	0.235401459854
41-1-59-1	41	1-590	relmu	ɻ e l m u	0.0	FALSE	0.136363636364
41-1-61-1	41	1-610	pelon	p e l o n	0.0	FALSE	0.208632834963
41-1-62-1	41	1-620	zumiñ	z u m i ɲ	0.0	FALSE	0.147272727273
41-1-63-1	41	1-630	llawfeñ	ʎ a w f e ɲ	0.0	TRUE	0.112745098039
41-1-63-2	41	1-630	aywiñ	a y w i ɲ	0.0	TRUE	0.112745098039
41-1-64-1	41	1-640	iḻwen	i l̪ w e n	0.0	FALSE	0.163822525597
41-1-64-2	41	1-640	müḻfeñ	m ɨ l̪ f e ɲ	0.0	FALSE	0.163822525597
41-1-64-3	41	1-640	trangliñi	ʈʂ a ŋ l i ɲ i	0.0	FALSE	0.163822525597
41-1-71-1	41	1-710	kürüf	k ɨ ɻ ɨ f	0.0	FALSE	0.47572815534
41-1-72-1	41	1-720	kürüf	k ɨ ɻ ɨ f	0.0	TRUE	0.171739130435
41-1-73-1	41	1-730	tromü	ʈʂ o m ɨ	0.0	TRUE	0.164705882353
41-1-74-1	41	1-740	trukür	ʈʂ u k ɨ ɻ	0.0	FALSE	0.140625
41-1-75-1	41	1-750	mawüṉ	m a w ɨ n̪	0.0	TRUE	0.0836776859504
41-1-76-1	41	1-760	pire	p i ɻ e	0.0	FALSE	0.237244897959
41-1-77-1	41	1-770	trangliñ	ʈʂ a ŋ l i ɲ	0.0	FALSE	0.230769230769
41-1-78-1	41	1-780	antü	a n t ɨ	0.25	FALSE	0.363194444444
41-1-81-1	41	1-810	kütral	k ɨ ʈʂ a l	0.0	TRUE	0.0354578882858
41-1-82-1	41	1-820	weywiñ	w e y w i ɲ	0.0	FALSE	0.180036930652
41-1-83-1	41	1-830	fitrun	f i ʈʂ u n	0.0	TRUE	0.0840517241379
41-1-84-1	41	1-840	trufken	ʈʂ u f k e n	0.0	TRUE	0.147058823529
41-1-84-2	41	1-840	liq kuyüm	l i ɣ # k u y ɨ m	0.0	TRUE	0.147058823529
41-1-841-1	41	1-841	ayḻen	a y l̪ e n	0.0	FALSE	0.247933884298
41-1-851-1	41	1-851	pütren	p ɨ ʈʂ e n	0.0	FALSE	0.0997854077253
41-1-851-2	41	1-851	lüpümün	l ɨ p ɨ m ɨ n	0.75	FALSE	0.0997854077253
41-1-852-1	41	1-852	üyün	ɨ y ɨ n	0.0	TRUE	0.0493827160494
41-1-86-1	41	1-860	üyümün	ɨ y ɨ m ɨ n	0.0	FALSE	0.0621761658031
41-1-861-1	41	1-861	chongümün	tʃ o ŋ ɨ m ɨ n	0.0	FALSE	0.147585345545
41-1-87-1	41	1-870	kütral	k ɨ ʈʂ a l	0.0	FALSE	0.6689453125
41-1-87-2	41	1-870	foforo	f o f o ɻ o	1.0	FALSE	0.6689453125
41-1-88-1	41	1-880	mamüll	m a m ɨ ʎ	0.0	FALSE	0.0491028128031
41-1-89-1	41	1-890	kuyüḻ	k u y ɨ l̪	0.0	FALSE	0.258823529412
41-1-89-2	41	1-890	karfon	k a ɻ f o n	1.0	FALSE	0.258823529412
41-2-1-1	41	2-100	che	tʃ e	0.0	TRUE	0.32299270073
41-2-21-1	41	2-210	wentru	w e n ʈʂ u	0.0	TRUE	0.0962877030162
41-2-22-1	41	2-220	zomo	z o m o	0.0	TRUE	0.157498824636
41-2-23-1	41	2-230	wentru	w e n ʈʂ u	0.0	FALSE	0.189476168004
41-2-24-1	41	2-240	zomo	z o m o	0.0	FALSE	0.157597876576
41-2-25-1	41	2-250	weche wentru	w e tʃ e # w e n ʈʂ u	0.0	FALSE	0.169642857143
41-2-251-1	41	2-251	we che	w e # tʃ e	0.0	FALSE	0.243203883495
41-2-26-1	41	2-260	maḻeṉ	m a l̪ e n̪	0.0	FALSE	0.142448512586
41-2-261-1	41	2-261	üllcha	ɨ ʎ tʃ a	0.0	FALSE	0.17094017094
41-2-261-2	41	2-261	maḻeṉ	m a l̪ e n̪	0.0	FALSE	0.17094017094
41-2-27-1	41	2-270	pichi wentru	p i tʃ i # w e n ʈʂ u	0.0	FALSE	0.154699738903
41-2-27-2	41	2-270	pichi zomo	p i tʃ i # z o m o	0.0	FALSE	0.154699738903
41-2-28-1	41	2-280	lluzu	ʎ u z u	0.0	FALSE	0.221811460259
41-2-28-2	41	2-280	metatu	m e t a t u	0.0	FALSE	0.221811460259
41-2-28-3	41	2-280	llushu	ʎ u ʃ u	0.0	FALSE	0.221811460259
41-2-31-1	41	2-310	füta	f ɨ t a	0.0	FALSE	0.199845480299
41-2-32-1	41	2-320	kure	k u ɻ e	0.0	FALSE	0.183438155136
41-2-33-1	41	2-330	kurengen	k u ɻ e ŋ e n	0.0	FALSE	0.139645776567
41-2-33-2	41	2-330	fütangen	f ɨ t a ŋ e n	0.0	FALSE	0.139645776567
41-2-33-3	41	2-330	kuretun	k u ɻ e t u n	0.0	FALSE	0.139645776567
41-2-34-1	41	2-340	kureyewün	k u ɻ e y e w ɨ n	0.0	FALSE	0.252808988764
41-2-35-1	41	2-350	chaw	tʃ a w	0.0	FALSE	0.251601774273
41-2-36-1	41	2-360	ñuke	ɲ u k e	0.0	FALSE	0.194662480377
41-2-37-1	41	2-370	epu fütake che	e p u # f ɨ t a k e # tʃ e	0.0	FALSE	0.117283950617
41-2-38-1	41	2-380	kurengen wentru	k u ɻ e ŋ e n # w e n ʈʂ u	0.0	FALSE	0.0467128027682
41-2-39-1	41	2-390	fütangen zomo	f ɨ t a ŋ e n # z o m o	0.0	FALSE	0.0100536193029
41-2-41-1	41	2-410	fotüm	f o t ɨ m	0.0	FALSE	0.111888111888
41-2-41-2	41	2-410	wentru püñeñ	w e n ʈʂ u # p ɨ ɲ e ɲ	0.0	FALSE	0.111888111888
41-2-42-1	41	2-420	ñawe	ɲ a w e	0.0	FALSE	0.117391304348
41-2-42-2	41	2-420	zomo püñeñ	z o m o # p ɨ ɲ e ɲ	0.0	FALSE	0.117391304348
41-2-43-1	41	2-430	yall	y a ʎ	0.0	TRUE	0.0709459459459
41-2-43-2	41	2-430	püñeñ	p ɨ ɲ e ɲ	0.0	TRUE	0.0709459459459
41-2-44-1	41	2-440	peñi	p e ɲ i	0.0	FALSE	0.063270832029
41-2-44-2	41	2-440	wentru lamngen	w e n ʈʂ u # l a m ŋ e n	0.0	FALSE	0.063270832029
41-2-444-1	41	2-444	wünen peñi	w ɨ n e n # p e ɲ i	0.0	FALSE	0.0628418214226
41-2-444-2	41	2-444	wünen wentru lamngen	w ɨ n e n # w e n ʈʂ u # l a m ŋ e n	0.0	FALSE	0.0628418214226
41-2-445-1	41	2-445	inan peñi	i n a n # p e ɲ i	0.0	FALSE	0.0308275018683
41-2-445-2	41	2-445	inan wentru lamngen	i n a n # w e n ʈʂ u # l a m ŋ e n	0.0	FALSE	0.0308275018683
41-2-45-1	41	2-450	lamngen	l a m ŋ e n	0.0	FALSE	0.117514603896
41-2-45-2	41	2-450	zomo lamngen	z o m o # l a m ŋ e n	0.0	FALSE	0.117514603896
41-2-45-3	41	2-450	ñaña	ɲ a ɲ a	0.75	FALSE	0.117514603896
41-2-454-1	41	2-454	wünen lamngen	w ɨ n e n # l a m ŋ e n	0.0	FALSE	0.05502417729
41-2-454-2	41	2-454	wünen zomo lamngen	w ɨ n e n # z o m o # l a m ŋ e n	0.0	FALSE	0.05502417729
41-2-455-1	41	2-455	inan lamngen	i n a n # l a m ŋ e n	0.0	FALSE	0.0111165383773
41-2-455-2	41	2-455	inan zomo lamngen	i n a n # z o m o # l a m ŋ e n	0.0	FALSE	0.0111165383773
41-2-456-1	41	2-456	lamngenwen	l a m ŋ e n w e n	0.0	FALSE	0.170645125224
41-2-46-1	41	2-460	ḻaku	l̪ a k u	0.0	FALSE	0.266843971631
41-2-46-2	41	2-460	chezki	tʃ e z k i	0.0	FALSE	0.266843971631
41-2-46-3	41	2-460	cheche	tʃ e tʃ e	0.0	FALSE	0.266843971631
41-2-461-1	41	2-461	fücha	f ɨ tʃ a	0.0	FALSE	0.229511970534
41-2-47-1	41	2-470	kuku	k u k u	0.0	FALSE	0.271452145215
41-2-47-2	41	2-470	chuchu	tʃ u tʃ u	0.0	FALSE	0.271452145215
41-2-47-3	41	2-470	awela	a w e l a	1.0	FALSE	0.271452145215
41-2-471-1	41	2-471	kuse	k u s e	0.0	FALSE	0.187074829932
41-2-471-2	41	2-471	kushe	k u ʃ e	0.0	FALSE	0.187074829932
41-2-48-1	41	2-480	ḻaku	l̪ a k u	0.0	FALSE	0.0951248513674
41-2-48-2	41	2-480	kuku	k u k u	0.0	FALSE	0.0951248513674
41-2-48-3	41	2-480	cheche	tʃ e tʃ e	0.0	FALSE	0.0951248513674
41-2-48-4	41	2-480	chezki	tʃ e z k i	0.0	FALSE	0.0951248513674
41-2-49-1	41	2-490	ḻaku	l̪ a k u	0.0	FALSE	0.10456796918
41-2-49-2	41	2-490	kuku	k u k u	0.0	FALSE	0.10456796918
41-2-49-3	41	2-490	chezki	tʃ e z k i	0.0	FALSE	0.10456796918
41-2-49-4	41	2-490	chuchu	tʃ u tʃ u	0.0	FALSE	0.10456796918
41-2-49-5	41	2-490	cheche	tʃ e tʃ e	0.0	FALSE	0.10456796918
41-2-511-1	41	2-511	weku	w e k u	0.0	FALSE	0.21123767426
41-2-512-1	41	2-512	malle	m a ʎ e	0.0	FALSE	0.215423606083
41-2-521-1	41	2-521	ñukentu	ɲ u k e n t u	0.0	FALSE	0.21676300578
41-2-521-2	41	2-521	kaka	k a k a	0.75	FALSE	0.21676300578
41-2-522-1	41	2-522	paḻu	p a l̪ u	0.0	FALSE	0.277013076394
41-2-53-1	41	2-530	malle fotüm	m a ʎ e # f o t ɨ m	0.0	FALSE	0.189051918736
41-2-53-2	41	2-530	choküm	tʃ o k ɨ m	0.0	FALSE	0.189051918736
41-2-53-3	41	2-530	paḻu	p a l̪ u	0.0	FALSE	0.189051918736
41-2-53-4	41	2-530	koñintu	k o ɲ i n t u	0.0	FALSE	0.189051918736
41-2-54-1	41	2-540	malle ñawe	m a ʎ e # ɲ a w e	0.0	FALSE	0.145631067961
41-2-54-2	41	2-540	choküm	tʃ o k ɨ m	0.0	FALSE	0.145631067961
41-2-54-3	41	2-540	paḻu	p a l̪ u	0.0	FALSE	0.145631067961
41-2-54-4	41	2-540	koñintu	k o ɲ i n t u	0.0	FALSE	0.145631067961
41-2-55-1	41	2-550	peñi	p e ɲ i	0.0	FALSE	0.124176857949
41-2-55-2	41	2-550	lamngen	l a m ŋ e n	0.0	FALSE	0.124176857949
41-2-55-3	41	2-550	müṉa	m ɨ n̪ a	0.0	FALSE	0.124176857949
41-2-56-1	41	2-560	kwifike che yem	k w i f i k e # tʃ e # y e m	0.0	FALSE	0.278481012658
41-2-57-1	41	2-570	yom	y o m	0.0	FALSE	0.345454545455
41-2-57-2	41	2-570	ta ñi pu el	t a # ɲ i # p u # e l	0.0	FALSE	0.345454545455
41-2-61-1	41	2-610	chezkuy	tʃ e z k u y	0.0	FALSE	0.125486381323
41-2-611-1	41	2-611	püñmu	p ɨ ɲ m u	0.0	FALSE	0.169769409774
41-2-62-1	41	2-620	llalla	ʎ a ʎ a	0.0	FALSE	0.121737746658
41-2-621-1	41	2-621	ṉaṉüng	n̪ a n̪ ɨ ŋ	0.0	FALSE	0.188972513089
41-2-63-1	41	2-630	chezkuy	tʃ e z k u y	0.0	FALSE	0.204086718166
41-2-631-1	41	2-631	püñmu	p ɨ ɲ m u	0.0	FALSE	0.218113834649
41-2-64-1	41	2-640	püñmu	p ɨ ɲ m u	0.0	FALSE	0.0939818631492
41-2-641-1	41	2-641	ṉaṉüng	n̪ a n̪ ɨ ŋ	0.0	FALSE	0.116810877627
41-2-71-1	41	2-710	malle chaw	m a ʎ e # tʃ a w	0.0	FALSE	0.118403837767
41-2-72-1	41	2-720	ñeñe	ɲ e ɲ e	0.0	FALSE	0.140077821012
41-2-73-1	41	2-730	malle fotüm	m a ʎ e # f o t ɨ m	0.0	FALSE	0.75
41-2-74-1	41	2-740	malle ñawe	m a ʎ e # ɲ a w e	0.0	FALSE	0.0970812182741
41-2-75-1	41	2-750	kuñifall	k u ɲ i f a ʎ	0.0	FALSE	0.225941422594
41-2-75-2	41	2-750	wachol	w a tʃ o l	0.75	FALSE	0.225941422594
41-2-76-1	41	2-760	ḻantu zomo	l̪ a n t u # z o m o	0.0	FALSE	0.26875
41-2-77-1	41	2-770	ḻantu wentru	l̪ a n t u # w e n ʈʂ u	0.0	FALSE	0.208955223881
41-2-81-1	41	2-810	reñma	ɻ e ɲ m a	0.0	FALSE	0.398592283629
41-2-82-1	41	2-820	füren	f ɨ ɻ e n	0.0	FALSE	0.419715447154
41-2-82-2	41	2-820	familia	f a m i l i a	1.0	FALSE	0.419715447154
41-2-91-1	41	2-910	iñche	i ɲ tʃ e	0.0	TRUE	0.0296610169492
41-2-92-1	41	2-920	eymi	e y m i	0.0	TRUE	0.0416666666667
41-2-93-1	41	2-930	fey	f e y	0.0	TRUE	0.0
41-2-94-1	41	2-940	iñchiñ	i ɲ tʃ i ɲ	0.0	TRUE	0.00882352941176
41-2-94-2	41	2-940	iñchiw	i ɲ tʃ i w	0.0	TRUE	0.00882352941176
41-2-95-1	41	2-950	eymu	e y m u	0.0	FALSE	0.0380952380952
41-2-95-2	41	2-950	eymün	e y m ɨ n	0.0	FALSE	0.0380952380952
41-2-96-1	41	2-960	feyengu	f e y e ŋ u	0.0	FALSE	0.0741525423729
41-2-96-2	41	2-960	feyengün	f e y e ŋ ɨ n	0.0	FALSE	0.0741525423729
41-3-11-1	41	3-110	kulliñ	k u ʎ i ɲ	0.0	FALSE	0.456140350877
41-3-12-1	41	3-120	wentru	w e n ʈʂ u	0.0	FALSE	0.168918918919
41-3-12-2	41	3-120	alka	a l k a	0.0	FALSE	0.168918918919
41-3-13-1	41	3-130	zomo	z o m o	0.0	FALSE	0.117414248021
41-3-15-1	41	3-150	kulliñ	k u ʎ i ɲ	0.0	FALSE	0.276483050847
41-3-16-1	41	3-160	potreru	p o ʈʂ e ɻ u	1.0	FALSE	0.358333333333
41-3-18-1	41	3-180	kulliñ kamañ	k u ʎ i ɲ # k a m a ɲ	0.0	FALSE	0.205128205128
41-3-19-1	41	3-190	walpon	w a l p o n	1.0	FALSE	0.252717391304
41-3-21-1	41	3-210	toro	t o ɻ o	1.0	FALSE	0.308917197452
41-3-22-1	41	3-220	manshun	m a n ʃ u n	1.0	FALSE	0.488095238095
41-3-23-1	41	3-230	waka	w a k a	1.0	FALSE	0.300230946882
41-3-24-1	41	3-240	pichi kulliñ	p i tʃ i # k u ʎ i ɲ	0.0	FALSE	0.209708737864
41-3-25-1	41	3-250	ufisa	u f i s a	1.0	FALSE	0.425897824987
41-3-25-2	41	3-250	ofisha	o f i ʃ a	1.0	FALSE	0.425897824987
41-3-26-1	41	3-260	kaniru	k a n i ɻ u	1.0	FALSE	0.19133192389
41-3-29-1	41	3-290	pichi ofisha	p i tʃ i # o f i ʃ a	1.0	FALSE	0.204545454545
41-3-29-2	41	3-290	korderu	k o ɻ θ e ɻ u	1.0	FALSE	0.204545454545
41-3-32-1	41	3-320	sañi	s a ɲ i	0.0	FALSE	0.227678571429
41-3-32-2	41	3-320	foraku	f o ɻ a k u	1.0	FALSE	0.227678571429
41-3-34-1	41	3-340	zomo sanchu	z o m o # s a n tʃ u	1.0	FALSE	0.138157894737
41-3-35-1	41	3-350	sanchu	s a n tʃ u	1.0	FALSE	0.303135888502
41-3-35-2	41	3-350	sañwe	s a ɲ w e	0.75	FALSE	0.303135888502
41-3-36-1	41	3-360	kapüra	k a p ɨ ɻ a	1.0	FALSE	0.367430795848
41-3-37-1	41	3-370	kapüra	k a p ɨ ɻ a	1.0	FALSE	0.284682080925
41-3-37-2	41	3-370	chifu	tʃ i f u	1.0	FALSE	0.284682080925
41-3-38-1	41	3-380	pichi kapüra	p i tʃ i # k a p ɨ ɻ a	1.0	FALSE	0.124365482234
41-3-41-1	41	3-410	kawell	k a w e ʎ	1.0	FALSE	0.573705179283
41-3-42-1	41	3-420	potüro	p o t ɨ ɻ o	1.0	FALSE	0.313106796117
41-3-44-1	41	3-440	zomo kawellu	z o m o # k a w e ʎ u	1.0	FALSE	0.266497461929
41-3-44-2	41	3-440	yewa	y e w a	1.0	FALSE	0.266497461929
41-3-45-1	41	3-450	potrillo	p o ʈʂ i ʎ o	1.0	FALSE	0.210526315789
41-3-46-1	41	3-460	furiku	f u ɻ i k u	1.0	FALSE	0.626582278481
41-3-5-1	41	3-500	üñüm	ɨ ɲ ɨ m	0.0	FALSE	0.152103559871
41-3-52-1	41	3-520	alka	a l k a	0.0	FALSE	0.298901098901
41-3-54-1	41	3-540	zomo achawall	z o m o # a tʃ a w a ʎ	0.75	FALSE	0.128361858191
41-3-55-1	41	3-550	achawall	a tʃ a w a ʎ	0.75	FALSE	0.372122762148
41-3-56-1	41	3-560	kansu	k a ns u	1.0	FALSE	0.472602739726
41-3-57-1	41	3-570	patu	p a t u	1.0	FALSE	0.461538461538
41-3-57-2	41	3-570	wala	w a l a	0.0	FALSE	0.461538461538
41-3-58-1	41	3-580	zañe	z a ɲ e	0.0	FALSE	0.125
41-3-581-1	41	3-581	isüm	i s ɨ m	0.0	TRUE	0.158181818182
41-3-581-2	41	3-581	üñüm	ɨ ɲ ɨ m	0.0	TRUE	0.158181818182
41-3-582-1	41	3-582	kawkaw	k a w k a w	0.0	FALSE	0.21
41-3-582-2	41	3-582	chülle	tʃ ɨ ʎ e	0.0	FALSE	0.21
41-3-584-1	41	3-584	ñamku	ɲ a m k u	0.0	FALSE	0.247126436782
41-3-584-2	41	3-584	kalkiñ	k a l k i ɲ	0.0	FALSE	0.247126436782
41-3-585-1	41	3-585	llegllegkan	ʎ e ɰ ʎ e ɰ k a n	0.0	FALSE	0.159793814433
41-3-586-1	41	3-586	kanin	k a n i n	0.0	FALSE	0.110294117647
41-3-592-1	41	3-592	choroy	tʃ o ɻ o y	0.0	FALSE	0.5
41-3-592-2	41	3-592	rawillma	ɻ a w i ʎ m a	0.0	FALSE	0.5
41-3-593-1	41	3-593	yeku	y e k u	0.0	FALSE	0.141025641026
41-3-596-1	41	3-596	pekeñ	p e k e ɲ	0.0	FALSE	0.15350877193
41-3-61-1	41	3-610	trewa	ʈʂ e w a	0.0	TRUE	0.161616161616
41-3-62-1	41	3-620	narki	n a ɻ k i	0.0	FALSE	0.344186046512
41-3-63-1	41	3-630	zewü	z e w ɨ	0.0	FALSE	0.177165354331
41-3-65-1	41	3-650	challwa	tʃ a ʎ w a	0.75	TRUE	0.145161290323
41-3-655-1	41	3-655	chakantu	tʃ a k a n t u	0.0	FALSE	0.209375
41-3-663-1	41	3-663	yenü	y e n ɨ	0.0	FALSE	0.43
41-3-72-1	41	3-720	pangi	p a ŋ i	0.0	FALSE	0.656626506024
41-3-72-2	41	3-720	trapial	ʈʂ a p i a l	0.0	FALSE	0.656626506024
41-3-72-3	41	3-720	puma	p u m a	1.0	FALSE	0.656626506024
41-3-74-1	41	3-740	ngürü	ŋ ɨ ɻ ɨ	0.0	FALSE	0.173611111111
41-3-75-1	41	3-750	puzu	p u z u	0.0	FALSE	0.146706586826
41-3-81-1	41	3-810	püḻü	p ɨ l̪ ɨ	0.0	FALSE	0.443946188341
41-3-811-1	41	3-811	tüṉ	t ɨ n̪	0.0	TRUE	0.0493421052632
41-3-812-1	41	3-812	ütren	ɨ ʈʂ e n	0.0	FALSE	0.0479452054795
41-3-813-1	41	3-813	nerüm	n e ɻ ɨ m	0.0	FALSE	0.0705882352941
41-3-813-2	41	3-813	pike	p i k e	1.0	FALSE	0.0705882352941
41-3-817-1	41	3-817	kollella	k o ʎ e ʎ a	0.0	TRUE	0.12
41-3-818-1	41	3-818	lalüng	l a l ɨ ŋ	0.0	FALSE	0.252747252747
41-3-819-1	41	3-819	ngüren lalüng	ŋ ɨ ɻ e n # l a l ɨ ŋ	0.0	FALSE	0.0833333333333
41-3-82-1	41	3-820	ziwlliñ	z i w ʎ i ɲ	0.0	FALSE	0.139830508475
41-3-82-2	41	3-820	kolmenia	k o l m e n i a	1.0	FALSE	0.139830508475
41-3-821-1	41	3-821	müski	m ɨ s k i	0.75	FALSE	0.100746268657
41-3-823-1	41	3-823	püḻü	p ɨ l̪ ɨ	0.0	FALSE	0.15969581749
41-3-83-1	41	3-830	püḻü	p ɨ l̪ ɨ	0.0	FALSE	0.0519230769231
41-3-832-1	41	3-832	pichike püḻü	p i tʃ i k e # p ɨ l̪ ɨ	0.0	FALSE	0.215909090909
41-3-84-1	41	3-840	züllwi	z ɨ ʎ w i	0.0	FALSE	0.124309392265
41-3-85-1	41	3-850	filu	f i l u	0.0	FALSE	0.154228855721
41-3-92-1	41	3-920	llampüzkeñ	ʎ a m p ɨ z k e ɲ	0.0	FALSE	0.140449438202
41-3-92-2	41	3-920	tonton	t o n t o n	0.0	FALSE	0.140449438202
41-3-92-3	41	3-920	kululu	k u l u l u	1.0	FALSE	0.140449438202
41-3-93-1	41	3-930	chori	tʃ o ɻ i	0.0	FALSE	0.105555555556
41-3-94-1	41	3-940	müta piru	m ɨ t a # p i ɻ u	0.0	FALSE	0.209044368601
41-3-95-1	41	3-950	llüngki	ʎ ɨ ŋ k i	0.0	FALSE	0.224598930481
41-3-96-1	41	3-960	fillkuñ	f i ʎ k u ɲ	0.0	FALSE	0.232673267327
41-3-96-2	41	3-960	kelesia	k e l e s i a	0.75	FALSE	0.232673267327
41-3-96-3	41	3-960	palum	p a l u m	0.75	FALSE	0.232673267327
41-3-96-4	41	3-960	charaypuka	tʃ a ɻ a y p u k a	0.75	FALSE	0.232673267327
41-3-98-1	41	3-980	peyu	p e y u	0.0	FALSE	0.244791666667
41-4-11-1	41	4-110	kalül	k a l ɨ l	0.0	FALSE	0.187835420394
41-4-12-1	41	4-120	trawa	ʈʂ a w a	0.0	TRUE	0.110978520286
41-4-13-1	41	4-130	füṉ	f ɨ n̪	0.0	FALSE	0.14553314121
41-4-14-1	41	4-140	kaḻ longko	k a l̪ # l o ŋ k o	0.0	FALSE	0.056421830119
41-4-14-2	41	4-140	longko	l o ŋ k o	0.0	FALSE	0.056421830119
41-4-142-1	41	4-142	payuṉ	p a y u n̪	0.0	FALSE	0.168539325843
41-4-144-1	41	4-144	kaḻ	k a l̪	0.0	FALSE	0.123790552077
41-4-145-1	41	4-145	kallcha	k a ʎ tʃ a	0.0	FALSE	0.173594709495
41-4-146-1	41	4-146	chef longko	tʃ e f # l o ŋ k o	0.0	FALSE	0.2625
41-4-15-1	41	4-150	mollfüñ	m o ʎ f ɨ ɲ	0.0	TRUE	0.0957446808511
41-4-151-1	41	4-151	chüll mollfüñ	tʃ ɨ ʎ # m o ʎ f ɨ ɲ	0.0	FALSE	0.262697022767
41-4-16-1	41	4-160	foro	f o ɻ o	0.0	TRUE	0.0823529411765
41-4-162-1	41	4-162	kazi	k a z i	0.0	FALSE	0.112359550562
41-4-17-1	41	4-170	müta	m ɨ t a	0.0	TRUE	0.159782608696
41-4-18-1	41	4-180	külen	k ɨ l e n	0.0	TRUE	0.117021276596
41-4-19-1	41	4-190	furi	f u ɻ i	0.0	TRUE	0.0819209039548
41-4-191-1	41	4-191	kuzi foro	k u z i # f o ɻ o	0.0	FALSE	0.135057471264
41-4-2-1	41	4-200	longko	l o ŋ k o	0.0	TRUE	0.203531598513
41-4-201-1	41	4-201	üllaülla	ɨ ʎ a ɨ ʎ a	0.0	FALSE	0.18
41-4-202-1	41	4-202	lengleng	l e ŋ l e ŋ	0.0	FALSE	0.179347826087
41-4-203-1	41	4-203	müllo	m ɨ ʎ o	0.0	FALSE	0.132432432432
41-4-204-1	41	4-204	ange	a ŋ e	0.0	FALSE	0.268847795164
41-4-205-1	41	4-205	toḻ	t o l̪	0.0	FALSE	0.0657370517928
41-4-207-1	41	4-207	trangatranga	ʈʂ a ŋ a ʈʂ a ŋ a	0.0	FALSE	0.13125
41-4-209-1	41	4-209	ketre	k e ʈʂ e	0.0	FALSE	0.0602409638554
41-4-21-1	41	4-210	nge	ŋ e	0.0	TRUE	0.096018735363
41-4-212-1	41	4-212	züñiñ	z ɨ ɲ i ɲ	0.0	FALSE	0.146484375
41-4-212-2	41	4-212	ngeziñ	ŋ e z i ɲ	0.0	FALSE	0.146484375
41-4-213-1	41	4-213	wente nge	w e n t e # ŋ e	0.0	FALSE	0.0435684647303
41-4-214-1	41	4-214	ümi	ɨ m i	0.0	FALSE	0.0739910313901
41-4-215-1	41	4-215	ṉümiṉümitun	n̪ ɨ m i n̪ ɨ m i t u n	0.0	FALSE	0.13829787234
41-4-22-1	41	4-220	piluṉ	p i l u n̪	0.0	TRUE	0.10393258427
41-4-221-1	41	4-221	llafkeñ piluṉ	ʎ a f k e ɲ # p i l u n̪	0.0	FALSE	0.0869565217391
41-4-222-1	41	4-222	ferü pilun	f e ɻ ɨ # p i l u n	0.0	FALSE	0.0779220779221
41-4-23-1	41	4-230	yu	y u	0.0	TRUE	0.0267857142857
41-4-231-1	41	4-231	wechoz yu	w e tʃ o z # y u	0.0	FALSE	0.0714285714286
41-4-232-1	41	4-232	merun	m e ɻ u n	0.0	FALSE	0.0689655172414
41-4-24-1	41	4-240	wüṉ	w ɨ n̪	0.0	TRUE	0.07962529274
41-4-241-1	41	4-241	wüṉ	w ɨ n̪	0.0	FALSE	0.260180995475
41-4-25-1	41	4-250	meḻfü	m e l̪ f ɨ	0.0	FALSE	0.0821052631579
41-4-26-1	41	4-260	kewüṉ	k e w ɨ n̪	0.0	TRUE	0.0663716814159
41-4-27-1	41	4-270	foro	f o ɻ o	0.0	TRUE	0.117537313433
41-4-271-1	41	4-271	ürum	ɨ ɻ u m	0.0	FALSE	0.136255924171
41-4-272-1	41	4-272	ülnga foro	ɨ l ŋ a # f o ɻ o	0.0	FALSE	0.0949367088608
41-4-28-1	41	4-280	peḻ	p e l̪	0.0	TRUE	0.105
41-4-28-2	41	4-280	topeḻ	t o p e l̪	0.0	TRUE	0.105
41-4-281-1	41	4-281	furi longko	f u ɻ i # l o ŋ k o	0.0	FALSE	0.166666666667
41-4-29-1	41	4-290	peḻ	p e l̪	0.0	FALSE	0.12969924812
41-4-3-1	41	4-300	llangka foro	ʎ a ŋ k a # f o ɻ o	0.0	FALSE	0.133858267717
41-4-3-2	41	4-300	falke	f a l k e	0.0	FALSE	0.133858267717
41-4-31-1	41	4-310	lipang	l i p a ŋ	0.0	FALSE	0.0932835820896
41-4-312-1	41	4-312	puñpuya	p u ɲ p u y a	0.0	FALSE	0.146739130435
41-4-32-1	41	4-320	choñoy	tʃ o ɲ o y	0.0	FALSE	0.0852272727273
41-4-321-1	41	4-321	troy kuwü	ʈʂ o y # k u w ɨ	0.0	FALSE	0.132653061224
41-4-33-1	41	4-330	kuwü	k u w ɨ	0.0	TRUE	0.150735294118
41-4-331-1	41	4-331	püḻay kuwü	p ɨ l̪ a y # k u w ɨ	0.0	FALSE	0.10989010989
41-4-34-1	41	4-340	changüll	tʃ a ŋ ɨ ʎ	0.0	FALSE	0.0506912442396
41-4-342-1	41	4-342	fütra changüll kuwü	f ɨ ʈʂ a # tʃ a ŋ ɨ ʎ # k u w ɨ	0.0	FALSE	0.0795454545455
41-4-344-1	41	4-344	wili	w i l i	0.0	FALSE	0.76
41-4-345-1	41	4-345	wili	w i l i	0.0	TRUE	0.116455696203
41-4-35-1	41	4-350	chang	tʃ a ŋ	0.0	FALSE	0.146186440678
41-4-351-1	41	4-351	llike	ʎ i k e	0.0	TRUE	0.09375
41-4-352-1	41	4-352	komofüṉ	k o m o f ɨ n̪	0.0	FALSE	0.0723684210526
41-4-36-1	41	4-360	luku	l u k u	0.0	TRUE	0.0888888888889
41-4-37-1	41	4-370	ṉamuṉ	n̪ a m u n̪	0.0	TRUE	0.141416510319
41-4-371-1	41	4-371	pallipalli	p a ʎ i p a ʎ i	0.0	FALSE	0.112359550562
41-4-372-1	41	4-372	rüngkoy ṉamuṉ	ɻ ɨ ŋ k o y # n̪ a m u n̪	0.0	FALSE	0.0569105691057
41-4-374-1	41	4-374	pünon	p ɨ n o n	0.0	FALSE	0.126959247649
41-4-38-1	41	4-380	changüll ṉamuṉ	tʃ a ŋ ɨ ʎ # n̪ a m u n̪	0.0	FALSE	0.0851063829787
41-4-392-1	41	4-392	müpü	m ɨ p ɨ	0.0	TRUE	0.116379310345
41-4-393-1	41	4-393	pichuñ	p i tʃ u ɲ	0.0	TRUE	0.109739368999
41-4-4-1	41	4-400	rüku	ɻ ɨ k u	0.0	FALSE	0.172043010753
41-4-41-1	41	4-410	moyo	m o y o	0.0	TRUE	0.053317535545
41-4-412-1	41	4-412	longko moyo	l o ŋ k o # m o y o	0.0	FALSE	0.0622605363985
41-4-42-1	41	4-420	ngülla	ŋ ɨ ʎ a	0.0	FALSE	0.0455801104972
41-4-43-1	41	4-430	füzo	f ɨ z o	0.0	TRUE	0.122448979592
41-4-44-1	41	4-440	piwke	p i w k e	0.0	TRUE	0.223300970874
41-4-441-1	41	4-441	poṉon	p o n̪ o n	0.0	FALSE	0.261904761905
41-4-45-1	41	4-450	ke	k e	0.0	TRUE	0.130555555556
41-4-451-1	41	4-451	kuzakuza	k u z a k u z a	0.0	FALSE	0.167630057803
41-4-451-2	41	4-451	kushalkiñ	k u ʃ a l k i ɲ	0.0	FALSE	0.167630057803
41-4-46-1	41	4-460	pütra	p ɨ ʈʂ a	0.75	FALSE	0.31768558952
41-4-461-1	41	4-461	küllche	k ɨ ʎ tʃ e	0.0	FALSE	0.165
41-4-462-1	41	4-462	trariwtuwe	ʈʂ a ɻ i w t u w e	0.0	FALSE	0.159574468085
41-4-463-1	41	4-463	trutre	ʈʂ u ʈʂ e	0.0	FALSE	0.125
41-4-464-1	41	4-464	anüwe	a n ɨ w e	0.0	FALSE	0.0996677740864
41-4-47-1	41	4-470	elkoñiwe	e l k o ɲ i w e	0.0	FALSE	0.289389067524
41-4-49-1	41	4-490	kütraw	k ɨ ʈʂ a w	0.0	FALSE	0.212851405622
41-4-492-1	41	4-492	pünün	p ɨ n ɨ n	0.0	FALSE	0.290993071594
41-4-51-1	41	4-510	ṉeyün	n̪ e y ɨ n	0.0	FALSE	0.125
41-4-52-1	41	4-520	üngapuwün	ɨ ŋ a p u w ɨ n	0.0	FALSE	0.119047619048
41-4-521-1	41	4-521	ütrorün	ɨ ʈʂ o ɻ ɨ n	0.0	FALSE	0.126506024096
41-4-53-1	41	4-530	trüfonün	ʈʂ ɨ f o n ɨ n	0.0	FALSE	0.0555555555556
41-4-54-1	41	4-540	echüwün	e tʃ ɨ w ɨ n	0.0	FALSE	0.115291262136
41-4-55-1	41	4-550	arofün	a ɻ o f ɨ n	0.0	FALSE	0.147959183673
41-4-56-1	41	4-560	tofkün	t o f k ɨ n	0.0	FALSE	0.0555555555556
41-4-57-1	41	4-570	rapin	ɻ a p i n	0.0	FALSE	0.221003134796
41-4-58-1	41	4-580	ünatun	ɨ n a t u n	0.0	TRUE	0.0358361774744
41-4-59-1	41	4-590	küllman	k ɨ ʎ m a n	0.0	FALSE	0.16265060241
41-4-61-1	41	4-610	umawtun	u m a w t u n	0.0	TRUE	0.100190839695
41-4-612-1	41	4-612	traltralün	ʈʂ a l ʈʂ a l ɨ n	0.0	FALSE	0.115
41-4-62-1	41	4-620	pewman	p e w m a n	0.0	FALSE	0.0862068965517
41-4-62-2	41	4-620	pewütun	p e w ɨ t u n	0.0	FALSE	0.0862068965517
41-4-63-1	41	4-630	trepen	ʈʂ e p e n	0.0	FALSE	0.10650887574
41-4-64-1	41	4-640	perkün	p e ɻ k ɨ n	0.0	FALSE	0.35
41-4-65-1	41	4-650	willin	w i ʎ i n	0.0	FALSE	0.188775510204
41-4-66-1	41	4-660	men	m e n	0.0	FALSE	0.14953271028
41-4-67-1	41	4-670	kuretun	k u ɻ e t u n	0.0	FALSE	0.123626373626
41-4-68-1	41	4-680	yafyafün	y a f y a f ɨ n	0.0	FALSE	0.0728155339806
41-4-69-1	41	4-690	müñetun	m ɨ ɲ e t u n	0.0	FALSE	0.115384615385
41-4-71-1	41	4-710	yallün	y a ʎ ɨ n	0.0	FALSE	0.162269129288
41-4-72-1	41	4-720	mülen	m ɨ l e n	0.0	FALSE	0.174712643678
41-4-72-2	41	4-720	lleqün	ʎ e ɣ ɨ n	0.0	FALSE	0.174712643678
41-4-73-1	41	4-730	niekoñiley	n i e k o ɲ i l e y	0.0	FALSE	0.0700483091787
41-4-732-1	41	4-732	nien	n i e n	0.0	FALSE	0.0942028985507
41-4-74-1	41	4-740	mongelen	m o ŋ e l e n	0.0	FALSE	0.131416837782
41-4-75-1	41	4-750	ḻay	l̪ a y	0.0	FALSE	0.204545454545
41-4-75-2	41	4-750	faltay	f a l t a y	1.0	FALSE	0.204545454545
41-4-751-1	41	4-751	ürfin	ɨ ɻ f i n	0.0	FALSE	0.162337662338
41-4-76-1	41	4-760	ḻangümün	l̪ a ŋ ɨ m ɨ n	0.0	TRUE	0.0777777777778
41-4-77-1	41	4-770	ḻa	l̪ a	0.0	FALSE	0.367117117117
41-4-78-1	41	4-780	elün	e l ɨ n	0.0	FALSE	0.11797752809
41-4-79-1	41	4-790	eltun	e l t u n	0.0	FALSE	0.301020408163
41-4-81-1	41	4-810	konalen	k o n a l e n	0.0	FALSE	0.275229357798
41-4-82-1	41	4-820	yafüngenon	y a f ɨ ŋ e n o n	0.0	FALSE	0.171506352087
41-4-83-1	41	4-830	tremolen	ʈʂ e m o l e n	0.0	FALSE	0.354526606773
41-4-83-2	41	4-830	külfünkülen	k ɨ l f ɨ n k ɨ l e n	0.0	FALSE	0.354526606773
41-4-84-1	41	4-840	kutran	k u ʈʂ a n	0.0	FALSE	0.177902621723
41-4-841-1	41	4-841	aling kutran	a l i ŋ # k u ʈʂ a n	0.0	FALSE	0.306843540788
41-4-843-1	41	4-843	chafo	tʃ a f o	0.0	FALSE	0.194552529183
41-4-843-2	41	4-843	rüle	ɻ ɨ l e	0.0	FALSE	0.194552529183
41-4-85-1	41	4-850	allfeñ	a ʎ f e ɲ	0.0	FALSE	0.152249134948
41-4-852-1	41	4-852	allfeñ	a ʎ f e ɲ	0.0	FALSE	0.0700389105058
41-4-853-1	41	4-853	iñchalen	i ɲ tʃ a l e n	1.0	FALSE	0.117346938776
41-4-853-2	41	4-853	ponkwin	p o n k w i n	0.75	FALSE	0.117346938776
41-4-854-1	41	4-854	üna	ɨ n a	0.0	FALSE	0.0925196850394
41-4-855-1	41	4-855	pitraw	p i ʈʂ a w	0.0	FALSE	0.0963855421687
41-4-856-1	41	4-856	pitru	p i ʈʂ u	0.0	FALSE	0.130555555556
41-4-857-1	41	4-857	trar	ʈʂ a ɻ	0.0	FALSE	0.119771863118
41-4-86-1	41	4-860	mogelün	m o ɰ e l ɨ n	0.0	FALSE	0.186868686869
41-4-87-1	41	4-870	ḻaweṉtuchefe	l̪ a w e n̪ t u tʃ e f e	0.0	FALSE	0.591304347826
41-4-87-2	41	4-870	doktor	θ o k t o ɻ	1.0	FALSE	0.591304347826
41-4-88-1	41	4-880	ḻaweṉ	l̪ a w e n̪	0.0	FALSE	0.421568627451
41-4-89-1	41	4-890	füñapuwe	f ɨ ɲ a p u w e	0.0	FALSE	0.443060498221
41-4-91-1	41	4-910	atrunkülen	a ʈʂ u n k ɨ l e n	0.0	FALSE	0.196942446043
41-4-91-2	41	4-910	ürkülen	ɨ ɻ k ɨ l e n	0.0	FALSE	0.196942446043
41-4-91-3	41	4-910	kansalen	k a ns a l e n	1.0	FALSE	0.196942446043
41-4-912-1	41	4-912	ürkütun	ɨ ɻ k ɨ t u n	0.0	FALSE	0.211895910781
41-4-912-2	41	4-912	kansatun	k a ns a t u n	1.0	FALSE	0.211895910781
41-4-92-1	41	4-920	chofü	tʃ o f ɨ	0.0	FALSE	0.235207100592
41-4-93-1	41	4-930	liftra longko	l i f ʈʂ a # l o ŋ k o	0.0	FALSE	0.193708609272
41-4-94-1	41	4-940	engkañngen	e ŋ k a ɲ ŋ e n	0.0	FALSE	0.178571428571
41-4-95-1	41	4-950	pilu	p i l u	0.0	FALSE	0.157608695652
41-4-96-1	41	4-960	ketro	k e ʈʂ o	0.0	FALSE	0.11875
41-4-97-1	41	4-970	trawma	ʈʂ a w m a	0.0	FALSE	0.10989010989
41-4-98-1	41	4-980	ngollin	ŋ o ʎ i n	0.0	FALSE	0.0679611650485
41-4-99-1	41	4-990	triltrang	ʈʂ i l ʈʂ a ŋ	0.0	FALSE	0.078431372549
41-5-11-1	41	5-110	in	i n	0.0	TRUE	0.0801886792453
41-5-12-1	41	5-120	iyael	i y a e l	0.0	FALSE	0.174603174603
41-5-121-1	41	5-121	afün	a f ɨ n	0.0	FALSE	0.063679245283
41-5-122-1	41	5-122	karü	k a ɻ ɨ	0.0	FALSE	0.0548128342246
41-5-123-1	41	5-123	afün	a f ɨ n	0.0	FALSE	0.094512195122
41-5-124-1	41	5-124	karü	k a ɻ ɨ	0.0	FALSE	0.1
41-5-125-1	41	5-125	fuṉa	f u n̪ a	0.0	FALSE	0.157442748092
41-5-13-1	41	5-130	pütun	p ɨ t u n	0.0	TRUE	0.0956175298805
41-5-14-1	41	5-140	ngüñün	ŋ ɨ ɲ ɨ n	0.0	FALSE	0.0302197802198
41-5-141-1	41	5-141	ngüñün	ŋ ɨ ɲ ɨ n	0.0	FALSE	0.172297297297
41-5-15-1	41	5-150	wüywün	w ɨ y w ɨ n	0.0	FALSE	0.0697674418605
41-5-16-1	41	5-160	fochizün	f o tʃ i z ɨ n	0.0	TRUE	0.0596252129472
41-5-18-1	41	5-180	changafün	tʃ a ŋ a f ɨ n	0.0	FALSE	0.0738636363636
41-5-181-1	41	5-181	rulmen	ɻ u l m e n	0.0	FALSE	0.077380952381
41-5-21-1	41	5-210	afümiyaelün	a f ɨ m i y a e l ɨ n	0.0	FALSE	0.182862190813
41-5-22-1	41	5-220	wazkümün	w a z k ɨ m ɨ n	0.0	FALSE	0.175585284281
41-5-23-1	41	5-230	kangkan	k a ŋ k a n	1.0	FALSE	0.279197080292
41-5-23-2	41	5-230	kuen	k u e n	0.0	FALSE	0.279197080292
41-5-23-3	41	5-230	fürin	f ɨ ɻ i n	1.0	FALSE	0.279197080292
41-5-24-1	41	5-240	ronotun	ɻ o n o t u n	1.0	FALSE	0.157894736842
41-5-25-1	41	5-250	rono	ɻ o n o	1.0	FALSE	0.513888888889
41-5-26-1	41	5-260	challa	tʃ a ʎ a	0.0	FALSE	0.327556325823
41-5-28-1	41	5-280	kaserola	k a s e ɻ o l a	1.0	FALSE	0.548913043478
41-5-31-1	41	5-310	fwente	f w e n t e	1.0	FALSE	0.549744897959
41-5-32-1	41	5-320	rali	ɻ a l i	0.0	FALSE	0.538551401869
41-5-33-1	41	5-330	tason	t a s o n	1.0	FALSE	0.558928571429
41-5-34-1	41	5-340	metawe	m e t a w e	0.0	FALSE	0.402826855124
41-5-35-1	41	5-350	tasa	t a s a	1.0	FALSE	0.615384615385
41-5-35-2	41	5-350	charu	tʃ a ɻ u	1.0	FALSE	0.615384615385
41-5-36-1	41	5-360	pülatillu	p ɨ l a t i ʎ u	1.0	FALSE	0.5
41-5-37-1	41	5-370	wütru	w ɨ ʈʂ u	0.0	FALSE	0.40099009901
41-5-37-2	41	5-370	kuchara	k u tʃ a ɻ a	1.0	FALSE	0.40099009901
41-5-38-1	41	5-380	kuchillu	k u tʃ i ʎ u	1.0	FALSE	0.256711409396
41-5-38-2	41	5-380	katrüwe	k a ʈʂ ɨ w e	0.0	FALSE	0.256711409396
41-5-39-1	41	5-390	tenedor	t e n e θ o ɻ	1.0	FALSE	0.543902439024
41-5-391-1	41	5-391	tenasa	t e n a s a	1.0	FALSE	0.403125
41-5-391-2	41	5-391	ünawe	ɨ n a w e	0.0	FALSE	0.403125
41-5-41-1	41	5-410	iyael	i y a e l	0.0	FALSE	0.138339920949
41-5-42-1	41	5-420	sayuno	s a y u n o	1.0	FALSE	0.257985257985
41-5-43-1	41	5-430	almuerso	a l m u e ɻ s o	1.0	FALSE	0.255376344086
41-5-46-1	41	5-460	chafün	tʃ a f ɨ n	0.0	FALSE	0.14606741573
41-5-47-1	41	5-470	chaytun	tʃ a y t u n	0.0	FALSE	0.169300225734
41-5-48-1	41	5-480	kafürün	k a f ɨ ɻ ɨ n	0.0	FALSE	0.0927272727273
41-5-49-1	41	5-490	reyfün	ɻ e y f ɨ n	0.0	FALSE	0.126420454545
41-5-51-1	41	5-510	kofke	k o f k e	0.0	FALSE	0.478747203579
41-5-51-2	41	5-510	pan	p a n	1.0	FALSE	0.478747203579
41-5-51-3	41	5-510	patay	p a t a y	0.75	FALSE	0.478747203579
41-5-53-1	41	5-530	masa	m a s a	1.0	FALSE	0.308641975309
41-5-54-1	41	5-540	sofalün	s o f a l ɨ n	1.0	FALSE	0.151573292402
41-5-54-2	41	5-540	masan	m a s a n	1.0	FALSE	0.151573292402
41-5-55-1	41	5-550	rüngo	ɻ ɨ ŋ o	0.0	FALSE	0.349514563107
41-5-56-1	41	5-560	rüngümün	ɻ ɨ ŋ ɨ m ɨ n	0.0	TRUE	0.0813069908815
41-5-57-1	41	5-570	molinu	m o l i n u	1.0	FALSE	0.296391752577
41-5-58-1	41	5-580	tranawe	ʈʂ a n a w e	0.0	FALSE	0.182098765432
41-5-61-1	41	5-610	ilo	i l o	0.0	FALSE	0.126911314985
41-5-61-2	41	5-610	charki	tʃ a ɻ k i	0.75	FALSE	0.126911314985
41-5-64-1	41	5-640	korü	k o ɻ ɨ	0.0	FALSE	0.530809859155
41-5-65-1	41	5-650	ketran	k e ʈʂ a n	0.0	FALSE	0.255705635771
41-5-66-1	41	5-660	zengüll	z e ŋ ɨ ʎ	0.0	FALSE	0.405882352941
41-5-7-1	41	5-700	poñü	p o ɲ ɨ	0.0	FALSE	0.421551724138
41-5-7-2	41	5-700	trawala	ʈʂ a w a l a	0.5	FALSE	0.421551724138
41-5-71-1	41	5-710	füṉ anümka	f ɨ n̪ # a n ɨ m k a	0.0	FALSE	0.254592651757
41-5-76-1	41	5-760	ofaz	o f a z	1.0	FALSE	0.459134615385
41-5-791-1	41	5-791	iwiñ	i w i ɲ	0.0	TRUE	0.180434782609
41-5-81-1	41	5-810	chazi	tʃ a z i	0.0	TRUE	0.151785714286
41-5-821-1	41	5-821	trapi	ʈʂ a p i	0.0	FALSE	0.407894736842
41-5-84-1	41	5-840	müski	m ɨ s k i	0.75	FALSE	0.307926829268
41-5-85-1	41	5-850	asukura	a s u k u ɻ a	1.0	FALSE	0.79375
41-5-86-1	41	5-860	lichi	l i tʃ i	1.0	FALSE	0.311797752809
41-5-87-1	41	5-870	entulichin	e n t u l i tʃ i n	1.0	FALSE	0.0699481865285
41-5-88-1	41	5-880	kesu	k e s u	1.0	FALSE	0.664473684211
41-5-9-1	41	5-900	putupeyel	p u t u p e y e l	0.0	FALSE	0.0791208791209
41-5-92-1	41	5-920	pulku	p u l k u	0.75	FALSE	0.739406779661
41-5-92-2	41	5-920	lamkja	l a m k j a	0.25	FALSE	0.739406779661
41-5-97-1	41	5-970	kuram	k u ɻ a m	0.0	TRUE	0.0901287553648
41-5-971-1	41	5-971	choz kuram	tʃ o z # k u ɻ a m	0.0	FALSE	0.0308641975309
41-6-11-1	41	6-110	tukutuwün	t u k u t u w ɨ n	0.0	FALSE	0.0707547169811
41-6-12-1	41	6-120	takuluwün	t a k u l u w ɨ n	0.0	FALSE	0.197169811321
41-6-21-1	41	6-210	pañu	p a ɲ u	1.0	FALSE	0.355731225296
41-6-22-1	41	6-220	kaḻ	k a l̪	0.0	FALSE	0.324257425743
41-6-25-1	41	6-250	seza	s e z a	1.0	FALSE	0.804054054054
41-6-28-1	41	6-280	trülke	ʈʂ ɨ l k e	0.0	FALSE	0.293219303604
41-6-29-1	41	6-290	trülke	ʈʂ ɨ l k e	0.0	FALSE	0.135278514589
41-6-31-1	41	6-310	füwün	f ɨ w ɨ n	0.0	FALSE	0.0133214920071
41-6-32-1	41	6-320	kuliw	k u l i w	0.0	FALSE	0.1
41-6-33-1	41	6-330	ngüren	ŋ ɨ ɻ e n	0.0	FALSE	0.0733137829912
41-6-34-1	41	6-340	witral	w i ʈʂ a l	0.0	FALSE	0.164864864865
41-6-35-1	41	6-350	ñüzüfün	ɲ ɨ z ɨ f ɨ n	0.0	FALSE	0.105263157895
41-6-36-1	41	6-360	akucha	a k u tʃ a	1.0	FALSE	0.374109263658
41-6-37-1	41	6-370	rütriñ	ɻ ɨ ʈʂ i ɲ	0.0	FALSE	0.27868852459
41-6-38-1	41	6-380	füw	f ɨ w	0.0	FALSE	0.282649253731
41-6-39-1	41	6-390	tulün	t u l ɨ n	0.0	FALSE	0.215434083601
41-6-41-1	41	6-410	ükülla	ɨ k ɨ ʎ a	0.75	FALSE	0.704347826087
41-6-411-1	41	6-411	makuñ	m a k u ɲ	0.0	FALSE	0.581081081081
41-7-37-1	41	7-370	pürapürawe	p ɨ ɻ a p ɨ ɻ a w e	0.0	FALSE	0.228855721393
41-7-37-2	41	7-370	kalera	k a l e ɻ a	1.0	FALSE	0.228855721393
41-6-43-1	41	6-430	abrigo	a b ɻ i ɰ o	1.0	FALSE	0.60752688172
41-6-44-1	41	6-440	kamisa	k a m i s a	1.0	FALSE	0.506034482759
41-6-45-1	41	6-450	kwellu	k w e ʎ u	1.0	FALSE	0.37037037037
41-6-46-1	41	6-460	pollera	p o ʎ e ɻ a	1.0	FALSE	0.609797297297
41-6-48-1	41	6-480	pantalon	p a n t a l o n	1.0	FALSE	0.564516129032
41-6-49-1	41	6-490	mezia	m e z i a	1.0	FALSE	0.684426229508
41-6-51-1	41	6-510	zapatu	z a p a t u	1.0	FALSE	0.4516765286
41-6-51-2	41	6-510	sumel	s u m e l	0.0	FALSE	0.4516765286
41-6-52-1	41	6-520	fota	f o t a	1.0	FALSE	0.674496644295
41-6-55-1	41	6-550	chumpiru	tʃ u m p i ɻ u	1.0	FALSE	0.492307692308
41-6-57-1	41	6-570	trariwe	ʈʂ a ɻ i w e	0.0	FALSE	0.298013245033
41-6-61-1	41	6-610	fonsiku	f o ns i k u	1.0	FALSE	0.599397590361
41-6-62-1	41	6-620	foton	f o t o n	1.0	FALSE	0.585227272727
41-6-63-1	41	6-630	alfiler	a l f i l e ɻ	1.0	FALSE	0.579775280899
41-6-63-2	41	6-630	sükill	s ɨ k i ʎ	0.0	FALSE	0.579775280899
41-6-63-3	41	6-630	tupu	t u p u	0.75	FALSE	0.579775280899
41-6-71-1	41	6-710	peshkiñ	p e ʃ k i ɲ	0.0	FALSE	0.312277580071
41-6-73-1	41	6-730	iwüḻ kuwü	i w ɨ l̪ # k u w ɨ	0.0	FALSE	0.224137931034
41-6-75-1	41	6-750	llangkatu	ʎ a ŋ k a t u	0.0	FALSE	0.239
41-6-77-1	41	6-770	chaway	tʃ a w a y	0.0	FALSE	0.209677419355
41-6-78-1	41	6-780	trarilongko	ʈʂ a ɻ i l o ŋ k o	0.0	FALSE	0.368131868132
41-6-81-1	41	6-810	pañuelu	p a ɲ u e l u	1.0	FALSE	0.480182926829
41-6-82-1	41	6-820	tuwalla	t u w a ʎ a	1.0	FALSE	0.661417322835
41-6-91-1	41	6-910	rünatuwe	ɻ ɨ n a t u w e	0.0	FALSE	0.166666666667
41-6-91-2	41	6-910	peine	p e i n e	1.0	FALSE	0.166666666667
41-6-921-1	41	6-921	chape	tʃ a p e	0.0	FALSE	0.217303822938
41-6-93-1	41	6-930	payuntuwe	p a y u n t u w e	0.0	FALSE	0.343023255814
41-6-94-1	41	6-940	puma	p u m a	1.0	FALSE	0.430722891566
41-6-95-1	41	6-950	kafon	k a f o n	1.0	FALSE	0.778409090909
41-6-95-2	41	6-950	küllay	k ɨ ʎ a y	0.0	FALSE	0.778409090909
41-6-96-1	41	6-960	komütuwe	k o m ɨ t u w e	0.0	FALSE	0.39715536105
41-6-96-2	41	6-960	espeko	e s p e k o	1.0	FALSE	0.39715536105
41-6-96-3	41	6-960	lilpu	l i l p u	0.75	FALSE	0.39715536105
41-7-11-1	41	7-110	mülen	m ɨ l e n	0.0	FALSE	0.146984924623
41-7-12-1	41	7-120	ruka	ɻ u k a	0.0	TRUE	0.106694560669
41-7-13-1	41	7-130	ruka	ɻ u k a	0.0	FALSE	0.393907563025
41-7-14-1	41	7-140	tolto	t o l t o	1.0	FALSE	0.635761589404
41-7-21-1	41	7-210	piesa	p i e s a	1.0	FALSE	0.514808362369
41-7-22-1	41	7-220	pwerta	p w e ɻ t a	1.0	FALSE	0.226744186047
41-7-23-1	41	7-230	kanzaw	k a n z a w	1.0	FALSE	0.506493506494
41-7-24-1	41	7-240	llafe	ʎ a f e	1.0	FALSE	0.473469387755
41-7-25-1	41	7-250	fentana	f e n t a n a	1.0	FALSE	0.568014705882
41-7-26-1	41	7-260	püllü	p ɨ ʎ ɨ	0.0	FALSE	0.34628975265
41-7-31-1	41	7-310	kütralwe	k ɨ ʈʂ a l w e	0.0	FALSE	0.232905982906
41-7-42-1	41	7-420	kawitu	k a w i t u	1.0	FALSE	0.386138613861
41-7-421-1	41	7-421	metrül	m e ʈʂ ɨ l	0.0	FALSE	0.255952380952
41-7-422-1	41	7-422	üḻtu	ɨ l̪ t u	0.0	FALSE	0.478260869565
41-7-422-2	41	7-422	fresada	f ɻ e s a θ a	1.0	FALSE	0.478260869565
41-7-43-1	41	7-430	silla	s i ʎ a	1.0	FALSE	0.469696969697
41-7-43-2	41	7-430	anüpeyüm	a n ɨ p e y ɨ m	0.0	FALSE	0.469696969697
41-7-44-1	41	7-440	mesa	m e s a	1.0	FALSE	0.735408560311
41-7-44-2	41	7-440	rentrülwe	ɻ e n ʈʂ ɨ l w e	0.0	FALSE	0.735408560311
41-7-45-1	41	7-450	küze	k ɨ z e	0.0	FALSE	0.648866348449
41-7-45-2	41	7-450	choñchoñ	tʃ o ɲ tʃ o ɲ	0.0	FALSE	0.648866348449
41-7-46-1	41	7-460	fela	f e l a	1.0	FALSE	0.626506024096
41-7-47-1	41	7-470	rentrülwe	ɻ e n ʈʂ ɨ l w e	0.0	FALSE	0.444206008584
41-7-48-1	41	7-480	fatia	f a t i a	1.0	FALSE	0.309473684211
41-7-51-1	41	7-510	wente ruka	w e n t e # ɻ u k a	0.0	FALSE	0.142574257426
41-7-52-1	41	7-520	küna	k ɨ n a	0.0	FALSE	0.0274390243902
41-7-54-1	41	7-540	viga	v i ɰ a	1.0	FALSE	0.165198237885
41-7-55-1	41	7-550	alof	a l o f	0.0	FALSE	0.302281368821
41-7-56-1	41	7-560	poste	p o s t e	1.0	FALSE	0.389097744361
41-7-57-1	41	7-570	trafla	ʈʂ a f l a	1.0	FALSE	0.375
41-7-64-1	41	7-640	fazofe	f a z o f e	1.0	FALSE	0.313953488372
41-8-11-1	41	8-110	paisano	p a i s a n o	1.0	FALSE	0.44347826087
41-8-12-1	41	8-120	chaküra	tʃ a k ɨ ɻ a	1.0	FALSE	0.190602836879
41-8-12-2	41	8-120	kampo	k a m p o	1.0	FALSE	0.190602836879
41-8-12-3	41	8-120	ketrawe	k e ʈʂ a w e	0.0	FALSE	0.190602836879
41-8-13-1	41	8-130	werta	w e ɻ t a	1.0	FALSE	0.461776859504
41-8-15-1	41	8-150	ngaṉün	ŋ a n̪ ɨ n	0.0	FALSE	0.137064534552
41-8-16-1	41	8-160	malal	m a l a l	0.0	FALSE	0.268292682927
41-8-16-2	41	8-160	koral	k o ɻ a l	1.0	FALSE	0.268292682927
41-8-17-1	41	8-170	sanka	s a n k a	1.0	FALSE	0.483108108108
41-8-17-2	41	8-170	rüngan	ɻ ɨ ŋ a n	0.0	FALSE	0.483108108108
41-8-21-1	41	8-210	ketramapun	k e ʈʂ a m a p u n	0.0	FALSE	0.261501210654
41-8-212-1	41	8-212	surko	s u ɻ k o	1.0	FALSE	0.189473684211
41-8-212-2	41	8-212	wirin	w i ɻ i n	0.5	FALSE	0.189473684211
41-8-22-1	41	8-220	rüngan	ɻ ɨ ŋ a n	0.0	FALSE	0.10834670947
41-8-24-1	41	8-240	pala	p a l a	1.0	FALSE	0.610759493671
41-8-25-1	41	8-250	asaon	a s a o n	1.0	FALSE	0.291666666667
41-8-26-1	41	8-260	wilkita	w i l k i t a	1.0	FALSE	0.407514450867
41-8-27-1	41	8-270	ratrillu	ɻ a ʈʂ i ʎ u	1.0	FALSE	0.348684210526
41-8-27-2	41	8-270	kaupuwe	k a u p u w e	0.0	FALSE	0.348684210526
41-8-31-1	41	8-310	ngaṉün	ŋ a n̪ ɨ n	0.0	FALSE	0.0678879310345
41-8-311-1	41	8-311	semilla	s e m i ʎ a	1.0	TRUE	0.198807157058
41-8-311-2	41	8-311	kongi	k o ŋ i	0.0	TRUE	0.198807157058
41-8-311-3	41	8-311	füṉ	f ɨ n̪	0.0	TRUE	0.198807157058
41-8-32-1	41	8-320	katrüketranün	k a ʈʂ ɨ k e ʈʂ a n ɨ n	0.0	FALSE	0.156818181818
41-8-33-1	41	8-330	wazaña	w a z a ɲ a	1.0	FALSE	0.522222222222
41-8-33-2	41	8-330	ichona	i tʃ o n a	1.0	FALSE	0.522222222222
41-8-34-1	41	8-340	trillar	ʈʂ i ʎ a ɻ	1.0	FALSE	0.173611111111
41-8-35-1	41	8-350	lila	l i l a	0.0	FALSE	0.177966101695
41-8-41-1	41	8-410	püramkawün	p ɨ ɻ a m k a w ɨ n	0.0	FALSE	0.272491349481
41-8-41-2	41	8-410	kosecha	k o s e tʃ a	1.0	FALSE	0.272491349481
41-8-42-1	41	8-420	füṉ	f ɨ n̪	0.0	FALSE	0.390977443609
41-8-43-1	41	8-430	kachilla	k a tʃ i ʎ a	1.0	FALSE	0.522413793103
41-8-44-1	41	8-440	kawella	k a w e ʎ a	1.0	FALSE	0.548165137615
41-8-46-1	41	8-460	afena	a f e n a	1.0	FALSE	0.678571428571
41-8-47-1	41	8-470	uwa	u w a	0.0	FALSE	0.39156626506
41-8-51-1	41	8-510	kachu	k a tʃ u	1.0	FALSE	0.173719376392
41-8-52-1	41	8-520	pinu	p i n u	1.0	FALSE	0.149253731343
41-8-53-1	41	8-530	anümka	a n ɨ m k a	0.0	FALSE	0.358090185676
41-8-531-1	41	8-531	anümün	a n ɨ m ɨ n	0.0	FALSE	0.230198019802
41-8-54-1	41	8-540	folil	f o l i l	0.0	TRUE	0.0558823529412
41-8-55-1	41	8-550	row	ɻ o w	0.0	FALSE	0.171532846715
41-8-56-1	41	8-560	tapül	t a p ɨ l	0.0	TRUE	0.103250478011
41-8-57-1	41	8-570	rayen	ɻ a y e n	0.0	FALSE	0.251256281407
41-8-57-2	41	8-570	fülor	f ɨ l o ɻ	1.0	FALSE	0.251256281407
41-8-6-1	41	8-600	aliwen	a l i w e n	0.0	FALSE	0.252136752137
41-8-6-2	41	8-600	mamüll	m a m ɨ ʎ	0.0	FALSE	0.252136752137
41-8-6-3	41	8-600	monte	m o n t e	1.0	FALSE	0.252136752137
41-8-61-1	41	8-610	koyam	k o y a m	0.0	FALSE	0.290155440415
41-8-64-1	41	8-640	pinu	p i n u	1.0	FALSE	0.414746543779
41-8-67-1	41	8-670	ufas foki	u f a s # f o k i	1.0	FALSE	0.194087403599
41-8-68-1	41	8-680	pütrem	p ɨ ʈʂ e m	0.25	FALSE	0.6640969163
41-8-69-1	41	8-690	pütremtun	p ɨ ʈʂ e m t u n	0.25	FALSE	0.19918699187
41-8-691-1	41	8-691	kitra	k i ʈʂ a	0.0	FALSE	0.601851851852
41-8-73-1	41	8-730	mutrung	m u ʈʂ u ŋ	0.0	FALSE	0.0976821192053
41-8-75-1	41	8-750	trolüf	ʈʂ o l ɨ f	0.0	TRUE	0.160965794769
41-8-76-1	41	8-760	ko	k o	0.0	FALSE	0.198396793587
41-8-931-1	41	8-931	pengka	p e ŋ k a	0.0	FALSE	0.401898734177
41-8-931-2	41	8-931	sapallu	s a p a ʎ u	1.0	FALSE	0.401898734177
41-8-97-1	41	8-970	kuri	k u ɻ i	0.0	FALSE	0.15
41-9-12-1	41	9-120	küzaw	k ɨ z a w	0.0	FALSE	0.36197440585
41-9-14-1	41	9-140	müchamün	m ɨ tʃ a m ɨ n	0.0	FALSE	0.125
41-9-15-1	41	9-150	müchamün	m ɨ tʃ a m ɨ n	0.0	FALSE	0.0962264150943
41-9-16-1	41	9-160	trarin	ʈʂ a ɻ i n	0.0	TRUE	0.121037463977
41-9-161-1	41	9-161	entutrarin	e n t u ʈʂ a ɻ i n	0.0	FALSE	0.0824524312896
41-9-19-1	41	9-190	zef	z e f	0.0	TRUE	0.151865008881
41-9-192-1	41	9-192	püro	p ɨ ɻ o	0.0	FALSE	0.105555555556
41-9-21-1	41	9-210	mütrongün	m ɨ ʈʂ o ŋ ɨ n	0.0	TRUE	0.0448979591837
41-9-21-2	41	9-210	palolpaloltun	p a l o l p a l o l t u n	0.0	TRUE	0.0448979591837
41-9-211-1	41	9-211	tralofün	ʈʂ a l o f ɨ n	0.0	FALSE	0.218623481781
41-9-211-2	41	9-211	puñete	p u ɲ e t e	1.0	FALSE	0.218623481781
41-9-22-1	41	9-220	katrün	k a ʈʂ ɨ n	0.0	FALSE	0.0811584977721
41-9-221-1	41	9-221	trantun	ʈʂ a n t u n	0.0	FALSE	0.0668316831683
41-9-222-1	41	9-222	katrükan	k a ʈʂ ɨ k a n	0.0	FALSE	0.0501485884101
41-9-223-1	41	9-223	chüngarün	tʃ ɨ ŋ a ɻ ɨ n	0.0	FALSE	0.0971337579618
41-9-23-1	41	9-230	kuchillu	k u tʃ i ʎ u	1.0	FALSE	0.383823529412
41-9-24-1	41	9-240	tikera	t i k e ɻ a	1.0	FALSE	0.478346456693
41-9-24-2	41	9-240	kupilwe	k u p i l w e	0.0	FALSE	0.478346456693
41-9-25-1	41	9-250	toki	t o k i	0.0	FALSE	0.349397590361
41-9-26-1	41	9-260	trafon	ʈʂ a f o n	0.0	FALSE	0.0656934306569
41-9-261-1	41	9-261	trafo	ʈʂ a f o	0.0	FALSE	0.0912162162162
41-9-27-1	41	9-270	triran	ʈʂ i ɻ a n	0.0	FALSE	0.138089758343
41-9-28-1	41	9-280	wükürün	w ɨ k ɨ ɻ ɨ n	0.0	FALSE	0.0646153846154
41-9-29-1	41	9-290	lawümün	l a w ɨ m ɨ n	0.0	FALSE	0.111524163569
41-9-31-1	41	9-310	ngüllfün	ŋ ɨ ʎ f ɨ n	0.0	FALSE	0.167525773196
41-9-32-1	41	9-320	winümün	w i n ɨ m ɨ n	0.0	FALSE	0.0852272727273
41-9-33-1	41	9-330	witran	w i ʈʂ a n	0.0	FALSE	0.135859519409
41-9-34-1	41	9-340	ünifün	ɨ n i f ɨ n	0.0	FALSE	0.10447761194
41-9-34-2	41	9-340	pachüqün	p a tʃ ɨ ɣ ɨ n	0.0	FALSE	0.10447761194
41-9-341-1	41	9-341	pültrün	p ɨ l ʈʂ ɨ n	0.0	FALSE	0.107859531773
41-9-342-1	41	9-342	ngürin	ŋ ɨ ɻ i n	0.0	FALSE	0.200203252033
41-9-343-1	41	9-343	kütrün	k ɨ ʈʂ ɨ n	0.0	FALSE	0.181734317343
41-9-343-2	41	9-343	ngütrarün	ŋ ɨ ʈʂ a ɻ ɨ n	0.0	FALSE	0.181734317343
41-9-35-1	41	9-350	wellimün	w e ʎ i m ɨ n	0.0	FALSE	0.13064516129
41-9-35-2	41	9-350	witrulün	w i ʈʂ u l ɨ n	0.0	FALSE	0.13064516129
41-9-36-1	41	9-360	küchan	k ɨ tʃ a n	0.0	FALSE	0.0982142857143
41-9-37-1	41	9-370	lepün	l e p ɨ n	0.0	FALSE	0.132530120482
41-9-38-1	41	9-380	lepüwe	l e p ɨ w e	0.0	FALSE	0.177215189873
41-9-422-1	41	9-422	küzawam	k ɨ z a w a m	0.0	FALSE	0.3515625
41-9-422-2	41	9-422	püṉepeyel	p ɨ n̪ e p e y e l	0.0	FALSE	0.3515625
41-9-43-1	41	9-430	kalpinteru	k a l p i n t e ɻ u	1.0	FALSE	0.506944444444
41-9-43-2	41	9-430	rukafe	ɻ u k a f e	0.0	FALSE	0.506944444444
41-9-44-1	41	9-440	zewman	z e w m a n	0.0	FALSE	0.198921105866
41-9-46-1	41	9-460	katan	k a t a n	0.0	FALSE	0.146341463415
41-9-461-1	41	9-461	wechozün	w e tʃ o z ɨ n	0.0	FALSE	0.0426829268293
41-9-48-1	41	9-480	seruchu	s e ɻ u tʃ u	1.0	FALSE	0.422619047619
41-9-49-1	41	9-490	martillu	m a ɻ t i ʎ u	1.0	FALSE	0.45145631068
41-9-5-1	41	9-500	külafo	k ɨ l a f o	1.0	FALSE	0.408783783784
41-9-63-1	41	9-630	lliwümün	ʎ i w ɨ m ɨ n	0.0	FALSE	0.316901408451
41-9-64-1	41	9-640	milla	m i ʎ a	0.0	FALSE	0.574742268041
41-9-65-1	41	9-650	liqen	l i ɣ e n	0.0	FALSE	0.508695652174
41-9-65-2	41	9-650	pulata	p u l a t a	1.0	FALSE	0.508695652174
41-9-66-1	41	9-660	kelü pañilwe	k e l ɨ # p a ɲ i l w e	0.0	FALSE	0.586419753086
41-9-68-1	41	9-680	titi	t i t i	1.0	FALSE	0.528985507246
41-9-71-1	41	9-710	wizüfe	w i z ɨ f e	0.0	FALSE	0.169117647059
41-9-72-1	41	9-720	wizün	w i z ɨ n	0.0	FALSE	0.156069364162
41-9-73-1	41	9-730	raq	ɻ a ɣ	0.0	FALSE	0.0991189427313
41-9-74-1	41	9-740	vidrio	v i θ ɻ i o	1.0	FALSE	0.617841409692
41-9-75-1	41	9-750	zamin	z a m i n	0.0	FALSE	0.08255243195
41-9-76-1	41	9-760	külko	k ɨ l k o	0.0	FALSE	0.41592920354
41-9-76-2	41	9-760	chaywe	tʃ a y w e	0.0	FALSE	0.41592920354
41-9-76-3	41	9-760	kanesta	k a n e s t a	1.0	FALSE	0.41592920354
41-9-79-1	41	9-790	mefürwe	m e f ɨ ɻ w e	0.0	FALSE	0.25974025974
41-9-791-1	41	9-791	mefürün	m e f ɨ ɻ ɨ n	0.0	FALSE	0.133333333333
41-9-88-1	41	9-880	pintura	p i n t u ɻ a	1.0	FALSE	0.518375241779
41-9-89-1	41	9-890	pintan	p i n t a n	1.0	FALSE	0.334608030593
41-10-11-1	41	10-110	nengümün	n e ŋ ɨ m ɨ n	0.0	FALSE	0.281914893617
41-10-11-2	41	10-110	modan	m o θ a n	1.0	FALSE	0.281914893617
41-10-12-1	41	10-120	wiñokintun	w i ɲ o k i n t u n	0.0	FALSE	0.148288973384
41-10-13-1	41	10-130	chüwüzün	tʃ ɨ w ɨ z ɨ n	0.0	FALSE	0.0962837837838
41-10-14-1	41	10-140	iwüzün	i w ɨ z ɨ n	0.0	FALSE	0.114583333333
41-10-15-1	41	10-150	chümpon	tʃ ɨ m p o n	0.0	FALSE	0.187125748503
41-10-16-1	41	10-160	müñalün	m ɨ ɲ a l ɨ n	0.0	FALSE	0.0404131118096
41-10-17-1	41	10-170	piwünün	p i w ɨ n ɨ n	0.0	FALSE	0.157894736842
41-10-21-1	41	10-210	püran	p ɨ ɻ a n	0.0	FALSE	0.0111234705228
41-10-22-1	41	10-220	witrañpüramün	w i ʈʂ a ɲ p ɨ ɻ a m ɨ n	0.0	FALSE	0.0868167202572
41-10-23-1	41	10-230	ütrünaqün	ɨ ʈʂ ɨ n a ɣ ɨ n	0.0	TRUE	0.0541516245487
41-10-24-1	41	10-240	lüykün	l ɨ y k ɨ n	0.0	FALSE	0.0581395348837
41-10-24-2	41	10-240	naylükün	n a y l ɨ k ɨ n	0.0	FALSE	0.0581395348837
41-10-25-1	41	10-250	ütrüfentun	ɨ ʈʂ ɨ f e n t u n	0.0	FALSE	0.0402985074627
41-10-252-1	41	10-252	pillaw	p i ʎ a w	1.0	FALSE	0.158069883527
41-10-252-2	41	10-252	nün	n ɨ n	0.0	FALSE	0.158069883527
41-10-26-1	41	10-260	mütrowün	m ɨ ʈʂ o w ɨ n	0.0	FALSE	0.172413793103
41-10-32-1	41	10-320	witrun	w i ʈʂ u n	0.0	FALSE	0.041958041958
41-10-33-1	41	10-330	ñamkonün	ɲ a m k o n ɨ n	0.0	FALSE	0.100371747212
41-10-34-1	41	10-340	zeñoyün	z e ɲ o y ɨ n	0.0	FALSE	0.0504484304933
41-10-35-1	41	10-350	weyelün	w e y e l ɨ n	0.0	TRUE	0.103346456693
41-10-352-1	41	10-352	wifültun	w i f ɨ l t u n	0.0	FALSE	0.121134020619
41-10-352-2	41	10-352	püntefün	p ɨ n t e f ɨ n	0.0	FALSE	0.121134020619
41-10-37-1	41	10-370	müpün	m ɨ p ɨ n	0.0	TRUE	0.13114071607
41-10-38-1	41	10-380	pimun	p i m u n	0.0	TRUE	0.0377906976744
41-10-41-1	41	10-410	winolün	w i n o l ɨ n	0.0	FALSE	0.1125
41-10-412-1	41	10-412	lukutun	l u k u t u n	0.0	FALSE	0.0670731707317
41-10-413-1	41	10-413	chekoznaqün	tʃ e k o z n a ɣ ɨ n	0.0	FALSE	0.215909090909
41-10-42-1	41	10-420	meyuzün	m e y u z ɨ n	0.0	FALSE	0.11214953271
41-10-43-1	41	10-430	rüngkün	ɻ ɨ ŋ k ɨ n	0.0	FALSE	0.0639344262295
41-10-431-1	41	10-431	mangkün	m a ŋ k ɨ n	0.0	FALSE	0.139805825243
41-10-44-1	41	10-440	purun	p u ɻ u n	0.0	FALSE	0.285714285714
41-10-45-1	41	10-450	marchay	m a ɻ tʃ a y	1.0	TRUE	0.0882352941176
41-10-45-2	41	10-450	trekan	ʈʂ e k a n	0.0	TRUE	0.0882352941176
41-10-451-1	41	10-451	küntron	k ɨ n ʈʂ o n	0.0	FALSE	0.17032967033
41-10-46-1	41	10-460	lefün	l e f ɨ n	0.0	TRUE	0.0241935483871
41-10-47-1	41	10-470	amun	a m u n	0.0	TRUE	0.0370786516854
41-10-471-1	41	10-471	püran	p ɨ ɻ a n	0.0	FALSE	0.113764044944
41-10-472-1	41	10-472	püran	p ɨ ɻ a n	0.0	FALSE	0.0463483146067
41-10-473-1	41	10-473	naqün	n a ɣ ɨ n	0.0	FALSE	0.121621621622
41-10-474-1	41	10-474	tripan	ʈʂ i p a n	0.0	FALSE	0.0277136258661
41-10-48-1	41	10-480	küpan	k ɨ p a n	0.0	TRUE	0.0323275862069
41-10-481-1	41	10-481	wiñon	w i ɲ o n	0.0	FALSE	0.177480916031
41-10-49-1	41	10-490	tripan	ʈʂ i p a n	0.0	FALSE	0.135880267822
41-10-491-1	41	10-491	ñamün	ɲ a m ɨ n	0.0	FALSE	0.133333333333
41-10-51-1	41	10-510	lefmawün	l e f m a w ɨ n	0.0	FALSE	0.125
41-10-52-1	41	10-520	inan	i n a n	0.0	FALSE	0.0715767634855
41-10-53-1	41	10-530	inantukun	i n a n t u k u n	0.0	FALSE	0.16049382716
41-10-55-1	41	10-550	puwün	p u w ɨ n	0.0	FALSE	0.16848673947
41-10-56-1	41	10-560	fülkonün	f ɨ l k o n ɨ n	0.0	FALSE	0.0729166666667
41-10-56-2	41	10-560	püllekonün	p ɨ ʎ e k o n ɨ n	0.0	FALSE	0.0729166666667
41-10-57-1	41	10-570	konün	k o n ɨ n	0.0	FALSE	0.75
41-10-61-1	41	10-610	yen	y e n	0.0	TRUE	0.0808918496363
41-10-612-1	41	10-612	yenien	y e n i e n	0.0	FALSE	0.112319486539
41-10-613-1	41	10-613	meñkun	m e ɲ k u n	0.0	FALSE	0.0981225044601
41-10-62-1	41	10-620	küpalün	k ɨ p a l ɨ n	0.0	FALSE	0.0180084745763
41-10-63-1	41	10-630	yefalün	y e f a l ɨ n	0.0	FALSE	0.133177570093
41-10-65-1	41	10-650	amulün	a m u l ɨ n	0.0	FALSE	0.331828442438
41-10-66-1	41	10-660	püran	p ɨ ɻ a n	0.0	FALSE	0.197080291971
41-10-67-1	41	10-670	rültren	ɻ ɨ l ʈʂ e n	0.0	FALSE	0.172597864769
41-10-72-1	41	10-720	rüpü	ɻ ɨ p ɨ	0.0	FALSE	0.207468879668
41-10-74-1	41	10-740	kuykuy	k u y k u y	0.0	FALSE	0.417159763314
41-10-75-1	41	10-750	kareta	k a ɻ e t a	1.0	FALSE	0.667922020381
41-10-76-1	41	10-760	chüngküll	tʃ ɨ ŋ k ɨ ʎ	0.0	FALSE	0.460843373494
41-10-76-2	41	10-760	rweda	ɻ w e θ a	1.0	FALSE	0.460843373494
41-10-77-1	41	10-770	eje	e j e	1.0	FALSE	0.448453608247
41-10-78-1	41	10-780	yuku	y u k u	1.0	FALSE	0.405405405405
41-10-83-1	41	10-830	fote	f o t e	1.0	FALSE	0.535294117647
41-10-831-1	41	10-831	wampo	w a m p o	1.0	FALSE	0.435714285714
41-10-85-1	41	10-850	remo	ɻ e m o	1.0	FALSE	0.455882352941
41-10-85-2	41	10-850	kawewe	k a w e w e	0.75	FALSE	0.455882352941
41-10-852-1	41	10-852	kawen	k a w e n	0.75	FALSE	0.210900473934
41-10-91-1	41	10-910	fotetuwe	f o t e t u w e	1.0	FALSE	0.433070866142
41-11-11-1	41	11-110	nien	n i e n	0.0	FALSE	0.0366524129505
41-11-12-1	41	11-120	nien	n i e n	0.0	FALSE	0.256097560976
41-11-13-1	41	11-130	tun	t u n	0.0	TRUE	0.100439773405
41-11-14-1	41	11-140	nün	n ɨ n	0.0	FALSE	0.0295130349238
41-11-15-1	41	11-150	nünien	n ɨ n i e n	0.0	FALSE	0.100222717149
41-11-16-1	41	11-160	nien	n i e n	0.0	FALSE	0.159251769464
41-11-17-1	41	11-170	niekan	n i e k a n	0.0	FALSE	0.148984198646
41-11-18-1	41	11-180	chem rume	tʃ e m # ɻ u m e	0.0	FALSE	0.227722772277
41-11-18-2	41	11-180	weshakelu	w e ʃ a k e l u	0.0	FALSE	0.227722772277
41-11-21-1	41	11-210	wülün	w ɨ l ɨ n	0.0	TRUE	0.0867768595041
41-11-22-1	41	11-220	wiñoltun	w i ɲ o l t u n	0.0	FALSE	0.0882352941176
41-11-24-1	41	11-240	zapinien	z a p i n i e n	0.0	FALSE	0.24145785877
41-11-25-1	41	11-250	montulün	m o n t u l ɨ n	0.0	FALSE	0.368154158215
41-11-28-1	41	11-280	allfülün	a ʎ f ɨ l ɨ n	0.0	FALSE	0.186842105263
41-11-31-1	41	11-310	kintun	k i n t u n	0.0	FALSE	0.0836614173228
41-11-32-1	41	11-320	pezan	p e z a n	0.0	FALSE	0.0859303391384
41-11-33-1	41	11-330	ñamümün	ɲ a m ɨ m ɨ n	0.0	FALSE	0.0371900826446
41-11-34-1	41	11-340	neykümün	n e y k ɨ m ɨ n	0.0	FALSE	0.119272555503
41-11-43-1	41	11-430	plata	p l a t a	1.0	FALSE	0.5375
41-11-44-1	41	11-440	peso	p e s o	1.0	FALSE	0.533524904215
41-11-44-2	41	11-440	chawcha	tʃ a w tʃ a	1.0	FALSE	0.533524904215
41-11-51-1	41	11-510	üḻmen che	ɨ l̪ m e n # tʃ e	0.0	FALSE	0.284745762712
41-11-52-1	41	11-520	kuñifall	k u ɲ i f a ʎ	0.0	FALSE	0.4461414791
41-11-52-2	41	11-520	pofre	p o f ɻ e	1.0	FALSE	0.4461414791
41-11-54-1	41	11-540	rükü	ɻ ɨ k ɨ	0.0	FALSE	0.217391304348
41-11-61-1	41	11-610	arelün	a ɻ e l ɨ n	0.0	FALSE	0.0753424657534
41-11-62-1	41	11-620	aretun	a ɻ e t u n	0.0	FALSE	0.109630266552
41-11-63-1	41	11-630	zefen	z e f e n	1.0	FALSE	0.186046511628
41-11-64-1	41	11-640	zefe	z e f e	1.0	FALSE	0.307531380753
41-11-65-1	41	11-650	kullin	k u ʎ i n	0.0	FALSE	0.303797468354
41-11-77-1	41	11-770	alkilan	a l k i l a n	1.0	FALSE	0.378472222222
41-11-78-1	41	11-780	sweldo	s w e l θ o	1.0	FALSE	0.531914893617
41-11-79-1	41	11-790	entun	e n t u n	0.0	FALSE	0.188966116421
41-11-79-2	41	11-790	kanan	k a n a n	1.0	FALSE	0.188966116421
41-11-81-1	41	11-810	ngillan	ŋ i ʎ a n	0.0	FALSE	0.15221987315
41-11-82-1	41	11-820	wülün	w ɨ l ɨ n	0.0	FALSE	0.172631578947
41-11-82-2	41	11-820	fenzen	f e n z e n	1.0	FALSE	0.172631578947
41-11-83-1	41	11-830	welukan	w e l u k a n	0.0	FALSE	0.261904761905
41-11-84-1	41	11-840	ngillakafe	ŋ i ʎ a k a f e	0.0	FALSE	0.326530612245
41-11-88-1	41	11-880	alü falin	a l ɨ # f a l i n	1.0	FALSE	0.297297297297
41-11-89-1	41	11-890	pichi falin	p i tʃ i # f a l i n	1.0	FALSE	0.426877470356
41-11-89-2	41	11-890	faratu	f a ɻ a t u	1.0	FALSE	0.426877470356
41-11-91-1	41	11-910	wüzamün	w ɨ z a m ɨ n	0.0	FALSE	0.128463476071
41-11-92-1	41	11-920	fanefanetun	f a n e f a n e t u n	0.0	FALSE	0.388461538462
41-12-01-1	41	12-010	fey wüla	f e y # w ɨ l a	0.0	FALSE	0.0767590618337
41-12-01-2	41	12-010	depwe	θ e p w e	1.0	FALSE	0.0767590618337
41-12-011-1	41	12-011	furitu	f u ɻ i t u	0.0	FALSE	0.0245398773006
41-12-02-1	41	12-020	ina	i n a	0.0	FALSE	0.0708502024291
41-12-03-1	41	12-030	naqeltu	n a ɣ e l t u	0.0	FALSE	0.0477748691099
41-12-04-1	41	12-040	wüne	w ɨ n e	0.0	FALSE	0.0951219512195
41-12-041-1	41	12-041	puñ mew	p u ɲ # m e w	0.0	FALSE	0.0551020408163
41-12-041-2	41	12-041	itrotripa	i ʈʂ o ʈʂ i p a	0.0	FALSE	0.0551020408163
41-12-05-1	41	12-050	ponwi	p o n w i	0.0	FALSE	0.0791139240506
41-12-06-1	41	12-060	wekuntu	w e k u n t u	0.0	FALSE	0.050796812749
41-12-07-1	41	12-070	miñche	m i ɲ tʃ e	0.0	FALSE	0.0344086021505
41-12-07-2	41	12-070	abajo	a b a j o	1.0	FALSE	0.0344086021505
41-12-08-1	41	12-080	wenu	w e n u	0.0	FALSE	0.0
41-12-12-1	41	12-120	tukun	t u k u n	0.0	FALSE	0.0633406318424
41-12-13-1	41	12-130	anün	a n ɨ n	0.0	TRUE	0.0886075949367
41-12-14-1	41	12-140	tranawün	ʈʂ a n a w ɨ n	0.0	FALSE	0.01875
41-12-14-2	41	12-140	kuzun	k u z u n	0.0	FALSE	0.01875
41-12-15-1	41	12-150	witrapüran	w i ʈʂ a p ɨ ɻ a n	0.0	TRUE	0.0190920661858
41-12-16-1	41	12-160	mülekan	m ɨ l e k a n	0.0	FALSE	0.135593220339
41-12-17-1	41	12-170	mülewelu	m ɨ l e w e l u	0.0	FALSE	0.229274611399
41-12-17-2	41	12-170	sofran	s o f ɻ a n	1.0	FALSE	0.229274611399
41-12-21-1	41	12-210	ngülümün	ŋ ɨ l ɨ m ɨ n	0.0	FALSE	0.144827586207
41-12-212-1	41	12-212	ñimitun	ɲ i m i t u n	0.0	FALSE	0.099593495935
41-12-213-1	41	12-213	wirkolün	w i ɻ k o l ɨ n	0.0	FALSE	0.167346938776
41-12-22-1	41	12-220	trawülün	ʈʂ a w ɨ l ɨ n	0.0	FALSE	0.173306772908
41-12-23-1	41	12-230	wüzalün	w ɨ z a l ɨ n	0.0	FALSE	0.179767359887
41-12-232-1	41	12-232	trirakan	ʈʂ i ɻ a k a n	0.0	FALSE	0.185915492958
41-12-24-1	41	12-240	nülan	n ɨ l a n	0.0	FALSE	0.104895104895
41-12-25-1	41	12-250	nürüfün	n ɨ ɻ ɨ f ɨ n	0.0	FALSE	0.178095611285
41-12-25-2	41	12-250	seran	s e ɻ a n	1.0	FALSE	0.178095611285
41-12-26-1	41	12-260	takun	t a k u n	0.0	FALSE	0.0912828947368
41-12-27-1	41	12-270	ellkan	e ʎ k a n	0.0	FALSE	0.0717131474104
41-12-31-1	41	12-310	alüpüra	a l ɨ p ɨ ɻ a	0.0	FALSE	0.124452782989
41-12-32-1	41	12-320	laftra	l a f ʈʂ a	0.0	FALSE	0.104931192661
41-12-33-1	41	12-330	wechuñ	w e tʃ u ɲ	0.0	FALSE	0.255509899141
41-12-34-1	41	12-340	ponwi	p o n w i	0.0	FALSE	0.0922982885086
41-12-35-1	41	12-350	wechuñtu	w e tʃ u ɲ t u	0.0	FALSE	0.0969761759316
41-12-352-1	41	12-352	wechuñngechi	w e tʃ u ɲ ŋ e tʃ i	0.0	FALSE	0.14693877551
41-12-353-1	41	12-353	üpül	ɨ p ɨ l	0.0	FALSE	0.128514056225
41-12-36-1	41	12-360	afkazi	a f k a z i	0.0	FALSE	0.139556377079
41-12-37-1	41	12-370	rangiñ	ɻ a ŋ i ɲ	0.0	FALSE	0.154411764706
41-12-41-1	41	12-410	man	m a n	0.0	FALSE	0.0362903225806
41-12-42-1	41	12-420	wele	w e l e	0.0	FALSE	0.15
41-12-43-1	41	12-430	pülle	p ɨ ʎ e	0.0	FALSE	0.117283950617
41-12-44-1	41	12-440	kamapu	k a m a p u	0.0	TRUE	0.0559701492537
41-12-45-1	41	12-450	puel	p u e l	0.0	FALSE	0.233695652174
41-12-46-1	41	12-460	ngulu	ŋ u l u	0.0	FALSE	0.244444444444
41-12-47-1	41	12-470	pikun	p i k u n	0.0	FALSE	0.204819277108
41-12-48-1	41	12-480	willi	w i ʎ i	0.0	FALSE	0.255952380952
41-12-53-1	41	12-530	tremün	ʈʂ e m ɨ n	0.0	FALSE	0.0390070921986
41-12-54-1	41	12-540	nufkütun	n u f k ɨ t u n	0.0	FALSE	0.196202531646
41-12-541-1	41	12-541	nufkü	n u f k ɨ	0.0	FALSE	0.166666666667
41-12-55-1	41	12-550	fütra	f ɨ ʈʂ a	0.0	TRUE	0.110869565217
41-12-56-1	41	12-560	pichi	p i tʃ i	0.0	TRUE	0.0910470409712
41-12-57-1	41	12-570	alütuw	a l ɨ t u w	0.0	TRUE	0.0439783491204
41-12-58-1	41	12-580	fütra witran	f ɨ ʈʂ a # w i ʈʂ a n	0.0	FALSE	0.0756073376301
41-12-59-1	41	12-590	pichituw	p i tʃ i t u w	0.0	FALSE	0.0989583333333
41-12-61-1	41	12-610	fütrarupa	f ɨ ʈʂ a ɻ u p a	0.0	TRUE	0.45
41-12-62-1	41	12-620	pichirume	p i tʃ i ɻ u m e	0.0	FALSE	0.09375
41-12-63-1	41	12-630	fütrarume	f ɨ ʈʂ a ɻ u m e	0.0	TRUE	0.049504950495
41-12-65-1	41	12-650	pichirume	p i tʃ i ɻ u m e	0.0	FALSE	0.126315789474
41-12-67-1	41	12-670	alükon	a l ɨ k o n	0.0	FALSE	0.148331273177
41-12-68-1	41	12-680	pichikon	p i tʃ i k o n	0.0	FALSE	0.0967741935484
41-12-71-1	41	12-710	laf	l a f	0.0	FALSE	0.290322580645
41-12-73-1	41	12-730	üngkü	ɨ ŋ k ɨ	0.0	FALSE	0.131632653061
41-12-73-2	41	12-730	nor	n o ɻ	0.0	FALSE	0.131632653061
41-12-74-1	41	12-740	trümpew	ʈʂ ɨ m p e w	0.0	FALSE	0.100684931507
41-12-74-2	41	12-740	wüchün	w ɨ tʃ ɨ n	0.0	FALSE	0.100684931507
41-12-75-1	41	12-750	chang	tʃ a ŋ	0.0	FALSE	0.219827586207
41-12-76-1	41	12-760	ngüyon	ŋ ɨ y o n	0.0	FALSE	0.196790540541
41-12-77-1	41	12-770	kürus	k ɨ ɻ u s	1.0	FALSE	0.5
41-12-81-1	41	12-810	chüngküz	tʃ ɨ ŋ k ɨ z	0.0	TRUE	0.181985294118
41-12-82-1	41	12-820	chüngküz	tʃ ɨ ŋ k ɨ z	0.0	FALSE	0.252742946708
41-12-83-1	41	12-830	mongkol	m o ŋ k o l	0.0	FALSE	0.570189274448
41-12-83-2	41	12-830	pelota	p e l o t a	1.0	FALSE	0.570189274448
41-12-84-1	41	12-840	wirin	w i ɻ i n	0.5	FALSE	0.471264367816
41-12-85-1	41	12-850	wechoz	w e tʃ o z	0.0	FALSE	0.102459016393
41-12-93-1	41	12-930	kakünun	k a k ɨ n u n	0.0	FALSE	0.266540642722
41-13-01-1	41	13-010	kiñe	k i ɲ e	0.0	FALSE	0.130208333333
41-13-02-1	41	13-020	epu	e p u	0.0	FALSE	0.230988593156
41-13-03-1	41	13-030	küla	k ɨ l a	0.0	FALSE	0.219101123596
41-13-04-1	41	13-040	meli	m e l i	0.0	FALSE	0.211956521739
41-13-05-1	41	13-050	kechu	k e tʃ u	0.0	FALSE	0.228260869565
41-13-06-1	41	13-060	kayu	k a y u	0.0	FALSE	0.255813953488
41-13-07-1	41	13-070	reqle	ɻ e ɣ l e	0.0	FALSE	0.289772727273
41-13-08-1	41	13-080	pura	p u ɻ a	0.0	FALSE	0.255813953488
41-13-09-1	41	13-090	aylla	a y ʎ a	0.0	FALSE	0.289772727273
41-13-1-1	41	13-100	mari	m a ɻ i	0.0	TRUE	0.275862068966
41-13-101-1	41	13-101	mari kiñe	m a ɻ i # k i ɲ e	0.0	FALSE	0.231707317073
41-13-102-1	41	13-102	mari epu	m a ɻ i # e p u	0.0	FALSE	0.234567901235
41-13-103-1	41	13-103	mari kechu	m a ɻ i # k e tʃ u	0.0	FALSE	0.176829268293
41-13-104-1	41	13-104	epu mari	e p u # m a ɻ i	0.0	FALSE	0.225609756098
41-13-105-1	41	13-105	pataka	p a t a k a	1.0	FALSE	0.420454545455
41-13-106-1	41	13-106	warangka	w a ɻ a ŋ k a	1.0	FALSE	0.581395348837
41-13-107-1	41	13-107	rakin	ɻ a k i n	0.0	FALSE	0.22972972973
41-13-14-1	41	13-140	kom	k o m	0.0	TRUE	0.186956521739
41-13-15-1	41	13-150	fentren	f e n ʈʂ e n	0.0	TRUE	0.144230769231
41-13-16-1	41	13-160	zoy	z o y	0.0	FALSE	0.229838709677
41-13-17-1	41	13-170	pichin	p i tʃ i n	0.0	FALSE	0.0880626223092
41-13-18-1	41	13-180	alün	a l ɨ n	0.0	FALSE	0.209558823529
41-13-181-1	41	13-181	kiñeke	k i ɲ e k e	0.0	FALSE	0.0989010989011
41-13-19-1	41	13-190	rume fentren che	ɻ u m e # f e n ʈʂ e n # tʃ e	0.0	FALSE	0.289383561644
41-13-21-1	41	13-210	apon	a p o n	0.0	TRUE	0.106382978723
41-13-22-1	41	13-220	wellin	w e ʎ i n	0.0	FALSE	0.135869565217
41-13-23-1	41	13-230	kiñe triran	k i ɲ e # ʈʂ i ɻ a n	0.0	FALSE	0.243639921722
41-13-23-2	41	13-230	kiñe katrün	k i ɲ e # k a ʈʂ ɨ n	0.0	FALSE	0.243639921722
41-13-23-3	41	13-230	kiñe trafon	k i ɲ e # ʈʂ a f o n	0.0	FALSE	0.243639921722
41-13-23-4	41	13-230	pedaso	p e θ a s o	1.0	FALSE	0.243639921722
41-13-24-1	41	13-240	rangiñ	ɻ a ŋ i ɲ	0.0	FALSE	0.157972440945
41-13-33-1	41	13-330	kiñen	k i ɲ e n	0.0	FALSE	0.171568627451
41-13-34-1	41	13-340	wünelelu	w ɨ n e l e l u	0.0	FALSE	0.123287671233
41-13-35-1	41	13-350	inalelu	i n a l e l u	0.0	FALSE	0.114395886889
41-13-36-1	41	13-360	epu inalelu	e p u # i n a l e l u	0.0	FALSE	0.0810810810811
41-13-37-1	41	13-370	mür	m ɨ ɻ	0.0	FALSE	0.355731225296
41-13-38-1	41	13-380	epuchi	e p u tʃ i	0.0	FALSE	0.110465116279
41-13-42-1	41	13-420	küla inalelu	k ɨ l a # i n a l e l u	0.0	FALSE	0.0845070422535
41-13-44-1	41	13-440	külachi	k ɨ l a tʃ i	0.0	FALSE	0.0897435897436
41-14-11-1	41	14-110	antü	a n t ɨ	0.25	FALSE	0.539467341528
41-14-12-1	41	14-120	tripantu	ʈʂ i p a n t u	0.0	FALSE	0.452054794521
41-14-13-1	41	14-130	we	w e	0.0	TRUE	0.0804597701149
41-14-14-1	41	14-140	weche	w e tʃ e	0.0	FALSE	0.162790697674
41-14-15-1	41	14-150	fücha	f ɨ tʃ a	0.0	TRUE	0.103915662651
41-14-15-2	41	14-150	kuse	k u s e	0.0	TRUE	0.103915662651
41-14-17-1	41	14-170	alü antü	a l ɨ # a n t ɨ	0.0	FALSE	0.130896226415
41-14-18-1	41	14-180	fewla	f e w l a	0.0	FALSE	0.103159851301
41-14-19-1	41	14-190	pürüm	p ɨ ɻ ɨ m	0.0	FALSE	0.23359375
41-14-21-1	41	14-210	pürüm	p ɨ ɻ ɨ m	0.0	FALSE	0.10736677116
41-14-22-1	41	14-220	ñochi	ɲ o tʃ i	0.0	FALSE	0.0804066543438
41-14-23-1	41	14-230	matukelün	m a t u k e l ɨ n	0.0	FALSE	0.189627228525
41-14-24-1	41	14-240	alüñman	a l ɨ ɲ m a n	0.0	FALSE	0.166304347826
41-14-25-1	41	14-250	llitun	ʎ i t u n	0.0	FALSE	0.134168157424
41-14-252-1	41	14-252	alüñman	a l ɨ ɲ m a n	0.0	FALSE	0.176470588235
41-14-26-1	41	14-260	afpun	a f p u n	0.0	FALSE	0.131934566145
41-14-27-1	41	14-270	wechulün	w e tʃ u l ɨ n	0.0	FALSE	0.21518607443
41-14-28-1	41	14-280	fentekünun	f e n t e k ɨ n u n	0.0	FALSE	0.141949152542
41-14-29-1	41	14-290	elüwkülen	e l ɨ w k ɨ l e n	0.0	FALSE	0.317729083665
41-14-31-1	41	14-310	rumel	ɻ u m e l	0.0	FALSE	0.288461538462
41-14-32-1	41	14-320	müchaike	m ɨ tʃ a i k e	0.0	FALSE	0.148562300319
41-14-33-1	41	14-330	kiñeke naq	k i ɲ e k e # n a ɣ	0.0	FALSE	0.0576923076923
41-14-33-2	41	14-330	kiñeke rupa	k i ɲ e k e # ɻ u p a	0.0	FALSE	0.0576923076923
41-14-331-1	41	14-331	mütamüten	m ɨ t a m ɨ t e n	0.0	FALSE	0.0568181818182
41-14-332-1	41	14-332	fentreñma	f e n ʈʂ e ɲ m a	0.0	FALSE	0.0825688073394
41-14-34-1	41	14-340	chumkaw rume	tʃ u m k a w # ɻ u m e	0.0	FALSE	0.153846153846
41-14-35-1	41	14-350	ka wiño	k a # w i ɲ o	0.0	FALSE	0.112561174551
41-14-41-1	41	14-410	antü	a n t ɨ	0.25	FALSE	0.13931181486
41-14-42-1	41	14-420	puṉ	p u n̪	0.0	TRUE	0.0689655172414
41-14-43-1	41	14-430	epewün	e p e w ɨ n	0.0	FALSE	0.327272727273
41-14-44-1	41	14-440	liwen	l i w e n	0.0	FALSE	0.144736842105
41-14-45-1	41	14-450	rangi antü	ɻ a ŋ i # a n t ɨ	0.0	FALSE	0.103260869565
41-14-451-1	41	14-451	rupan antü	ɻ u p a n # a n t ɨ	0.0	FALSE	0.159198113208
41-14-46-1	41	14-460	zumzum	z u m z u m	0.0	FALSE	0.127976190476
41-14-47-1	41	14-470	fachantü	f a tʃ a n t ɨ	0.0	FALSE	0.0477528089888
41-14-48-1	41	14-480	wüle	w ɨ l e	0.0	FALSE	0.0602409638554
41-14-481-1	41	14-481	epuwe	e p u w e	0.0	FALSE	0.0126582278481
41-14-49-1	41	14-490	wiya	w i y a	0.0	TRUE	0.0421686746988
41-14-491-1	41	14-491	epuwe	e p u w e	0.0	FALSE	0.0185185185185
41-14-51-1	41	14-510	ora	o ɻ a	1.0	FALSE	0.757505773672
41-14-53-1	41	14-530	relo	ɻ e l o	1.0	FALSE	0.743119266055
41-14-61-1	41	14-610	semana	s e m a n a	1.0	FALSE	0.630555555556
41-14-71-1	41	14-710	küyeṉ	k ɨ y e n̪	0.0	FALSE	0.192196531792
41-14-73-1	41	14-730	tripantu	ʈʂ i p a n t u	0.0	FALSE	0.186170212766
41-14-74-1	41	14-740	pukem	p u k e m	0.0	FALSE	0.0897435897436
41-14-75-1	41	14-750	pewü	p e w ɨ	0.0	FALSE	0.160447761194
41-14-76-1	41	14-760	walüng	w a l ɨ ŋ	0.0	FALSE	0.128537735849
41-14-77-1	41	14-770	trafkem	ʈʂ a f k e m	0.0	FALSE	0.157142857143
41-14-77-2	41	14-770	rümü	ɻ ɨ m ɨ	0.0	FALSE	0.157142857143
41-15-21-1	41	15-210	ṉümüṉ	n̪ ɨ m ɨ n̪	0.0	FALSE	0.11408677022
41-15-89-1	41	15-890	müchamkalen	m ɨ tʃ a m k a l e n	0.0	FALSE	0.0752688172043
41-15-212-1	41	15-212	ṉümüṉümütun	n̪ ɨ m ɨ n̪ ɨ m ɨ t u n	0.0	FALSE	0.114606741573
41-15-22-1	41	15-220	ṉümütun	n̪ ɨ m ɨ t u n	0.0	FALSE	0.100421718503
41-15-25-1	41	15-250	küme ṉümüṉngey	k ɨ m e # n̪ ɨ m ɨ n̪ ŋ e y	0.0	FALSE	0.104395604396
41-15-26-1	41	15-260	weza ṉümüṉngey	w e z a # n̪ ɨ m ɨ n̪ ŋ e y	0.0	FALSE	0.0179282868526
41-15-31-1	41	15-310	kümentun	k ɨ m e n t u n	0.0	FALSE	0.238775510204
41-15-35-1	41	15-350	kochü	k o tʃ ɨ	0.0	TRUE	0.0863095238095
41-15-36-1	41	15-360	kotrü	k o ʈʂ ɨ	0.75	FALSE	0.0590277777778
41-15-37-1	41	15-370	mukür	m u k ɨ ɻ	0.0	TRUE	0.0253164556962
41-15-38-1	41	15-380	kotrü	k o ʈʂ ɨ	0.75	FALSE	0.0631868131868
41-15-39-1	41	15-390	kotrü ko	k o ʈʂ ɨ # k o	0.75	FALSE	0.18085106383
41-15-41-1	41	15-410	allkün	a ʎ k ɨ n	0.0	TRUE	0.0469934310258
41-15-42-1	41	15-420	allkütun	a ʎ k ɨ t u n	0.0	FALSE	0.0333509793542
41-15-44-1	41	15-440	zungun	z u ŋ u n	0.0	FALSE	0.185069984448
41-15-46-1	41	15-460	ñüküf	ɲ ɨ k ɨ f	0.0	FALSE	0.163244353183
41-15-51-1	41	15-510	pen	p e n	0.0	TRUE	0.0823293172691
41-15-52-1	41	15-520	lelinien	l e l i n i e n	0.0	FALSE	0.0949152542373
41-15-55-1	41	15-550	pengelün	p e ŋ e l ɨ n	0.0	FALSE	0.0612244897959
41-15-56-1	41	15-560	wilüfün	w i l ɨ f ɨ n	0.0	FALSE	0.101821192053
41-15-57-1	41	15-570	wilüf	w i l ɨ f	0.0	FALSE	0.0474433315762
41-15-63-1	41	15-630	zumiñ	z u m i ɲ	0.0	FALSE	0.101809954751
41-15-64-1	41	15-640	liq	l i ɣ	0.0	TRUE	0.158653846154
41-15-64-2	41	15-640	fülang	f ɨ l a ŋ	1.0	TRUE	0.158653846154
41-15-64-3	41	15-640	plan	p l a n	1.0	TRUE	0.158653846154
41-15-65-1	41	15-650	kurü	k u ɻ ɨ	0.0	TRUE	0.0487804878049
41-15-66-1	41	15-660	kelü	k e l ɨ	0.75	TRUE	0.0735294117647
41-15-67-1	41	15-670	kallfü	k a ʎ f ɨ	0.0	FALSE	0.239889705882
41-15-68-1	41	15-680	karü	k a ɻ ɨ	0.0	TRUE	0.167682926829
41-15-69-1	41	15-690	choz	tʃ o z	0.0	TRUE	0.154069767442
41-15-712-1	41	15-712	rutretun	ɻ u ʈʂ e t u n	0.0	FALSE	0.130681818182
41-15-72-1	41	15-720	malün	m a l ɨ n	0.0	FALSE	0.121141975309
41-15-74-1	41	15-740	yafü	y a f ɨ	0.0	TRUE	0.0822942643392
41-15-75-1	41	15-750	ngüfash	ŋ ɨ f a ʃ	0.0	FALSE	0.0848585690516
41-15-76-1	41	15-760	ningül	n i ŋ ɨ l	0.0	FALSE	0.149466192171
41-15-77-1	41	15-770	pañush	p a ɲ u ʃ	1.0	FALSE	0.174295774648
41-15-78-1	41	15-780	yungelen	y u ŋ e l e n	0.0	FALSE	0.099609375
41-15-81-1	41	15-810	fane	f a n e	0.0	TRUE	0.0894039735099
41-15-82-1	41	15-820	fanelay	f a n e l a y	0.0	FALSE	0.0775862068966
41-15-83-1	41	15-830	kültraf	k ɨ l ʈʂ a f	0.0	FALSE	0.0975
41-15-84-1	41	15-840	piwün	p i w ɨ n	0.0	TRUE	0.0842696629213
41-15-85-1	41	15-850	kofi	k o f i	0.0	FALSE	0.0858938547486
41-15-851-1	41	15-851	are	a ɻ e	0.0	FALSE	0.0901287553648
41-15-86-1	41	15-860	wütre	w ɨ ʈʂ e	0.0	TRUE	0.0994897959184
41-15-86-2	41	15-860	fürkü	f ɨ ɻ k ɨ	0.0	TRUE	0.0994897959184
41-15-87-1	41	15-870	lif	l i f	0.0	FALSE	0.13876146789
41-15-88-1	41	15-880	poz	p o z	0.0	FALSE	0.133757961783
41-16-11-1	41	16-110	püllü	p ɨ ʎ ɨ	0.0	FALSE	0.399671052632
41-16-11-2	41	16-110	am	a m	0.0	FALSE	0.399671052632
41-16-15-1	41	16-150	afmalewen	a f m a l e w e n	0.0	FALSE	0.230392156863
41-16-23-1	41	16-230	ayüwkülen	a y ɨ w k ɨ l e n	0.0	FALSE	0.181415929204
41-16-25-1	41	16-250	ayen	a y e n	0.0	TRUE	0.0581395348837
41-16-251-1	41	16-251	üyerün	ɨ y e ɻ ɨ n	0.0	FALSE	0.1375
41-16-26-1	41	16-260	awkantun	a w k a n t u n	0.0	FALSE	0.0426829268293
41-16-27-1	41	16-270	ayün	a y ɨ n	0.0	FALSE	0.153241650295
41-16-27-2	41	16-270	poyen	p o y e n	0.0	FALSE	0.153241650295
41-16-29-1	41	16-290	truyun	ʈʂ u y u n	0.0	FALSE	0.196132596685
41-16-29-2	41	16-290	muchan	m u tʃ a n	0.75	FALSE	0.196132596685
41-16-3-1	41	16-300	pangkon	p a ŋ k o n	0.0	FALSE	0.18045112782
41-16-31-1	41	16-310	kutran	k u ʈʂ a n	0.0	FALSE	0.12380952381
41-16-32-1	41	16-320	llazken	ʎ a z k e n	0.0	FALSE	0.337370242215
41-16-33-1	41	16-330	weñangkün	w e ɲ a ŋ k ɨ n	0.0	FALSE	0.145328719723
41-16-35-1	41	16-350	kutranyen	k u ʈʂ a n y e n	0.0	FALSE	0.3046875
41-16-37-1	41	16-370	ngüman	ŋ ɨ m a n	0.0	TRUE	0.12915851272
41-16-37-2	41	16-370	waylü-	w a y l ɨ +	0.75	TRUE	0.12915851272
41-16-38-1	41	16-380	külleñu	k ɨ ʎ e ɲ u	0.0	FALSE	0.0625
41-16-39-1	41	16-390	etüngün	e t ɨ ŋ ɨ n	0.0	FALSE	0.140718562874
41-16-41-1	41	16-410	üzen	ɨ z e n	0.0	FALSE	0.109826589595
41-16-42-1	41	16-420	illkun	i ʎ k u n	0.0	FALSE	0.216165413534
41-16-44-1	41	16-440	ütrir	ɨ ʈʂ i ɻ	0.0	FALSE	0.286956521739
41-16-45-1	41	16-450	yewen	y e w e n	0.0	FALSE	0.116666666667
41-16-48-1	41	16-480	mallma	m a ʎ m a	0.0	FALSE	0.325301204819
41-16-51-1	41	16-510	animawün	a n i m a w ɨ n	1.0	FALSE	0.2421875
41-16-52-1	41	16-520	füta piwkengen	f ɨ t a # p i w k e ŋ e n	0.0	FALSE	0.284638554217
41-16-52-2	41	16-520	wapo	w a p o	1.0	FALSE	0.284638554217
41-16-53-1	41	16-530	llükan	ʎ ɨ k a n	0.0	FALSE	0.120879120879
41-16-54-1	41	16-540	kuñiw	k u ɲ i w	0.0	FALSE	0.358851674641
41-16-62-1	41	16-620	küpa	k ɨ p a	0.0	FALSE	0.123794212219
41-16-622-1	41	16-622	zullin	z u ʎ i n	0.0	FALSE	0.143369175627
41-16-63-1	41	16-630	üngümün	ɨ ŋ ɨ m ɨ n	0.0	FALSE	0.24449339207
41-16-66-1	41	16-660	rüf	ɻ ɨ f	0.0	FALSE	0.228571428571
41-16-67-1	41	16-670	koylatun	k o y l a t u n	0.0	FALSE	0.0943396226415
41-16-68-1	41	16-680	ngünenkan	ŋ ɨ n e n k a n	0.0	FALSE	0.166666666667
41-16-69-1	41	16-690	perdonan	p e ɻ θ o n a n	1.0	FALSE	0.342592592593
41-16-71-1	41	16-710	küme	k ɨ m e	0.0	TRUE	0.107212475634
41-16-72-1	41	16-720	weza	w e z a	0.0	FALSE	0.0874558303887
41-16-73-1	41	16-730	nor che	n o ɻ # tʃ e	0.0	FALSE	0.265695067265
41-16-74-1	41	16-740	wezalkaley	w e z a l k a l e y	0.0	FALSE	0.160642570281
41-16-77-1	41	16-770	welulkan	w e l u l k a n	0.0	FALSE	0.191066997519
41-16-78-1	41	16-780	kulpa	k u l p a	1.0	FALSE	0.324396782842
41-16-81-1	41	16-810	küme azngen	k ɨ m e # a z ŋ e n	0.0	FALSE	0.217028380634
41-16-82-1	41	16-820	wesha azngen	w e ʃ a # a z ŋ e n	0.0	FALSE	0.249087591241
41-16-84-1	41	16-840	pepilkawün	p e p i l k a w ɨ n	0.0	FALSE	0.229440789474
41-17-11-1	41	17-110	rakizuam	ɻ a k i z u a m	0.0	FALSE	0.275061124694
41-17-13-1	41	17-130	rakizuamün	ɻ a k i z u a m ɨ n	0.0	FALSE	0.225118483412
41-17-14-1	41	17-140	trokin	ʈʂ o k i n	0.0	FALSE	0.206131078224
41-17-15-1	41	17-150	feyentun	f e y e n t u n	0.0	FALSE	0.369897959184
41-17-16-1	41	17-160	allkün	a ʎ k ɨ n	0.0	FALSE	0.288348371911
41-17-17-1	41	17-170	kimün	k i m ɨ n	0.0	TRUE	0.0666936135812
41-17-171-1	41	17-171	mupin	m u p i n	0.0	FALSE	0.224696356275
41-17-171-2	41	17-171	lleqnien	ʎ e ɣ n i e n	0.0	FALSE	0.224696356275
41-17-172-1	41	17-172	inawentun	i n a w e n t u n	0.0	FALSE	0.226744186047
41-17-18-1	41	17-180	trokin	ʈʂ o k i n	0.0	FALSE	0.103346456693
41-17-19-1	41	17-190	zungu	z u ŋ u	0.0	FALSE	0.493307839388
41-17-21-1	41	17-210	kimün che	k i m ɨ n # tʃ e	0.0	FALSE	0.220588235294
41-17-22-1	41	17-220	noy	n o y	0.0	FALSE	0.360619469027
41-17-23-1	41	17-230	wezwez	w e z w e z	0.0	FALSE	0.160087719298
41-17-23-2	41	17-230	pofo	p o f o	0.0	FALSE	0.160087719298
41-17-24-1	41	17-240	azümün	a z ɨ m ɨ n	0.0	FALSE	0.259637188209
41-17-24-2	41	17-240	kimün	k i m ɨ n	0.0	FALSE	0.259637188209
41-17-242-1	41	17-242	chillkatun	tʃ i ʎ k a t u n	1.0	FALSE	0.42209631728
41-17-25-1	41	17-250	kimelün	k i m e l ɨ n	0.0	FALSE	0.10251450677
41-17-26-1	41	17-260	kimpelu	k i m p e l u	0.0	FALSE	0.338888888889
41-17-26-2	41	17-260	azümpelu	a z ɨ m p e l u	0.0	FALSE	0.338888888889
41-17-27-1	41	17-270	kimeltuchefe	k i m e l t u tʃ e f e	0.0	FALSE	0.512931034483
41-17-28-1	41	17-280	eskuela	e s k u e l a	1.0	FALSE	0.690273037543
41-17-28-2	41	17-280	chillkatuwe ruka	tʃ i ʎ k a t u w e # ɻ u k a	0.0	FALSE	0.690273037543
41-17-28-3	41	17-280	kolekio	k o l e k i o	1.0	FALSE	0.690273037543
41-17-31-1	41	17-310	tükulpatun	t ɨ k u l p a t u n	0.0	FALSE	0.137665198238
41-17-32-1	41	17-320	goyman	ɰ o y m a n	0.0	FALSE	0.0708661417323
41-17-35-1	41	17-350	zumiñ	z u m i ɲ	0.0	FALSE	0.13875
41-17-36-1	41	17-360	ellka zungu	e ʎ k a # z u ŋ u	0.0	FALSE	0.365625
41-17-37-1	41	17-370	rüf	ɻ ɨ f	0.0	FALSE	0.325379609544
41-17-38-1	41	17-380	nütramzungun	n ɨ ʈʂ a m z u ŋ u n	0.0	FALSE	0.283783783784
41-17-41-1	41	17-410	zuam	z u a m	0.0	FALSE	0.445269016698
41-17-441-1	41	17-441	ngüneñman	ŋ ɨ n e ɲ m a n	0.0	FALSE	0.362068965517
41-17-45-1	41	17-450	zuam	z u a m	0.0	FALSE	0.289090909091
41-17-46-1	41	17-460	küzawngenolu	k ɨ z a w ŋ e n o l u	0.0	FALSE	0.367219917012
41-17-47-1	41	17-470	küzawngelu	k ɨ z a w ŋ e l u	0.0	FALSE	0.25
41-17-48-1	41	17-480	azümazümtun	a z ɨ m a z ɨ m t u n	0.0	FALSE	0.353535353535
41-17-49-1	41	17-490	femngechi	f e m ŋ e tʃ i	0.0	FALSE	0.345744680851
41-17-51-1	41	17-510	ka	k a	0.0	FALSE	0.190959409594
41-17-52-1	41	17-520	porke	p o ɻ k e	1.0	FALSE	0.354368932039
41-17-54-1	41	17-540	kam	k a m	0.0	FALSE	0.39175257732
41-17-55-1	41	17-550	may	m a y	0.0	FALSE	0.136363636364
41-17-56-1	41	17-560	no	n o	1.0	FALSE	0.159090909091
41-17-61-1	41	17-610	¿chumngechi?	tʃ u m ŋ e tʃ i	0.0	FALSE	0.0204280155642
41-17-62-1	41	17-620	¿tunten?	t u n t e n	0.0	FALSE	0.0608108108108
41-17-62-2	41	17-620	¿mufü?	m u f ɨ	0.0	FALSE	0.0608108108108
41-17-63-1	41	17-630	¿tunten?	t u n t e n	0.0	FALSE	0.0541666666667
41-17-63-2	41	17-630	¿mufü?	m u f ɨ	0.0	FALSE	0.0541666666667
41-17-64-1	41	17-640	¿chem?	tʃ e m	0.0	TRUE	0.0292397660819
41-17-65-1	41	17-650	¿chumül?	tʃ u m ɨ l	0.0	FALSE	0.0473684210526
41-17-66-1	41	17-660	¿chew?	tʃ e w	0.0	FALSE	0.00263157894737
41-17-67-1	41	17-670	¿tuchi?	t u tʃ i	0.0	FALSE	0.0059880239521
41-17-67-2	41	17-670	¿chuchi?	tʃ u tʃ i	0.0	FALSE	0.0059880239521
41-17-68-1	41	17-680	¿iney?	i n e y	0.0	TRUE	0.0323741007194
41-17-69-1	41	17-690	¿chumngelu?	tʃ u m ŋ e l u	0.0	FALSE	0.0051724137931
41-18-11-1	41	18-110	zugun	z u ɰ u n	0.0	FALSE	0.265171503958
41-18-12-1	41	18-120	üḻkantun	ɨ l̪ k a n t u n	0.0	FALSE	0.056420233463
41-18-13-1	41	18-130	wirarün	w i ɻ a ɻ ɨ n	0.0	FALSE	0.104651162791
41-18-15-1	41	18-150	kafkün	k a f k ɨ n	0.0	FALSE	0.157894736842
41-18-16-1	41	18-160	ñochi zungun	ɲ o tʃ i # z u ŋ u n	0.0	FALSE	0.0945945945946
41-18-17-1	41	18-170	wikeñün	w i k e ɲ ɨ n	0.0	FALSE	0.142105263158
41-18-19-1	41	18-190	wawlun	w a w l u n	0.0	FALSE	0.0379746835443
41-18-21-1	41	18-210	zungun	z u ŋ u n	0.0	FALSE	0.0925373134328
41-18-21-2	41	18-210	nütramkan	n ɨ ʈʂ a m k a n	0.0	FALSE	0.0925373134328
41-18-22-1	41	18-220	pin	p i n	0.0	TRUE	0.0277264325323
41-18-221-1	41	18-221	epewtun	e p e w t u n	0.0	FALSE	0.137855579869
41-18-221-2	41	18-221	nütramtun	n ɨ ʈʂ a m t u n	0.0	FALSE	0.137855579869
41-18-222-1	41	18-222	koyaqtun	k o y a ɣ t u n	0.0	FALSE	0.335784313725
41-18-23-1	41	18-230	ñüküfnaqün	ɲ ɨ k ɨ f n a ɣ ɨ n	0.0	FALSE	0.0736607142857
41-18-24-1	41	18-240	zugun	z u ɰ u n	0.0	FALSE	0.306818181818
41-18-24-2	41	18-240	kewüṉ	k e w ɨ n̪	0.0	FALSE	0.306818181818
41-18-28-1	41	18-280	üi	ɨ i	0.0	TRUE	0.0852272727273
41-18-31-1	41	18-310	ramtun	ɻ a m t u n	0.0	FALSE	0.131632653061
41-18-32-1	41	18-320	wiñolzungun	w i ɲ o l z u ŋ u n	0.0	FALSE	0.216300940439
41-18-34-1	41	18-340	neqan	n e ɣ a n	1.0	FALSE	0.365517241379
41-18-35-1	41	18-350	ngillatun	ŋ i ʎ a t u n	0.0	FALSE	0.0913043478261
41-18-36-1	41	18-360	feman pin	f e m a n # p i n	0.0	FALSE	0.321428571429
41-18-37-1	41	18-370	pinon	p i n o n	0.0	FALSE	0.200729927007
41-18-39-1	41	18-390	illkutun	i ʎ k u t u n	0.0	FALSE	0.166666666667
41-18-41-1	41	18-410	mütrümün	m ɨ ʈʂ ɨ m ɨ n	0.0	FALSE	0.109669811321
41-18-42-1	41	18-420	üyelün	ɨ y e l ɨ n	0.0	FALSE	0.0801526717557
41-18-43-1	41	18-430	wülzungun	w ɨ l z u ŋ u n	0.0	FALSE	0.235181644359
41-18-44-1	41	18-440	añelün	a ɲ e l ɨ n	0.0	FALSE	0.122448979592
41-18-45-1	41	18-450	mallmakawün	m a ʎ m a k a w ɨ n	0.0	FALSE	0.0769230769231
41-18-51-1	41	18-510	wirin	w i ɻ i n	0.5	FALSE	0.288747346072
41-18-52-1	41	18-520	chillkatun	tʃ i ʎ k a t u n	1.0	FALSE	0.433544303797
41-18-56-1	41	18-560	papel	p a p e l	1.0	FALSE	0.719524617997
41-18-61-1	41	18-610	lifru	l i f ɻ u	1.0	FALSE	0.62179685088
41-18-73-1	41	18-730	kullkull	k u ʎ k u ʎ	0.0	FALSE	0.46837944664
41-18-74-1	41	18-740	kazkawilla	k a z k a w i ʎ a	1.0	FALSE	0.19696969697
41-19-15-1	41	19-150	pweblo	p w e b l o	1.0	FALSE	0.467567567568
41-19-16-1	41	19-160	waria	w a ɻ i a	0.0	FALSE	0.288718929254
41-19-17-1	41	19-170	limite	l i m i t e	1.0	FALSE	0.433012583272
41-19-21-1	41	19-210	che	tʃ e	0.0	FALSE	0.378486055777
41-19-24-1	41	19-240	longko	l o ŋ k o	0.0	FALSE	0.344481180061
41-19-25-1	41	19-250	retrü	ɻ e ʈʂ ɨ	0.0	FALSE	0.244565217391
41-19-41-1	41	19-410	ngen	ŋ e n	0.0	FALSE	0.383413461538
41-19-44-1	41	19-440	kisu ngünewkülen	k i s u # ŋ ɨ n e w k ɨ l e n	0.0	FALSE	0.25
41-19-45-1	41	19-450	werkün	w e ɻ k ɨ n	0.0	FALSE	0.421532846715
41-19-46-1	41	19-460	tangkün	t a ŋ k ɨ n	0.0	FALSE	0.113100848256
41-19-47-1	41	19-470	eluñman	e l u ɲ m a n	0.0	FALSE	0.258928571429
41-19-51-1	41	19-510	weṉüy	w e n̪ ɨ y	0.0	FALSE	0.413385826772
41-19-52-1	41	19-520	kayñe	k a y ɲ e	0.0	FALSE	0.445652173913
41-19-52-2	41	19-520	awka	a w k a	1.0	FALSE	0.445652173913
41-19-54-1	41	19-540	karukatu	k a ɻ u k a t u	0.0	FALSE	0.205128205128
41-19-55-1	41	19-550	ka che	k a # tʃ e	0.0	FALSE	0.222
41-19-56-1	41	19-560	witran	w i ʈʂ a n	0.0	FALSE	0.26267281106
41-19-57-1	41	19-570	ngen ruka	ŋ e n # ɻ u k a	0.0	FALSE	0.205965909091
41-19-58-1	41	19-580	kellun	k e ʎ u n	0.0	FALSE	0.218579234973
41-19-59-1	41	19-590	katrütun	k a ʈʂ ɨ t u n	0.0	FALSE	0.237871107893
41-19-61-1	41	19-610	wimtun	w i m t u n	0.0	FALSE	0.466292134831
41-19-62-1	41	19-620	kewan	k e w a n	0.0	FALSE	0.184322033898
41-19-63-1	41	19-630	fapizungun	f a p i z u ŋ u n	0.0	FALSE	0.329365079365
41-19-65-1	41	19-650	pen	p e n	0.0	FALSE	0.0754716981132
41-19-65-2	41	19-650	pezan	p e z a n	0.0	FALSE	0.0754716981132
41-20-11-1	41	20-110	kewan	k e w a n	0.0	FALSE	0.132352941176
41-20-13-1	41	20-130	awkan	a w k a n	1.0	FALSE	0.341205211726
41-20-14-1	41	20-140	kümelkalen	k ɨ m e l k a l e n	0.0	FALSE	0.38961038961
41-20-14-2	41	20-140	tüngkülen	t ɨ ŋ k ɨ l e n	0.0	FALSE	0.38961038961
41-20-22-1	41	20-220	karoti	k a ɻ o t i	1.0	FALSE	0.369020501139
41-20-222-1	41	20-222	toki	t o k i	0.0	FALSE	0.258064516129
41-20-23-1	41	20-230	witruwe	w i ʈʂ u w e	0.0	FALSE	0.314102564103
41-20-25-1	41	20-250	pülki	p ɨ l k i	0.0	FALSE	0.191358024691
41-20-26-1	41	20-260	wayki	w a y k i	0.0	FALSE	0.253048780488
41-20-28-1	41	20-280	tralka	ʈʂ a l k a	0.0	FALSE	0.590909090909
41-20-41-1	41	20-410	wewün	w e w ɨ n	0.0	FALSE	0.326923076923
41-20-42-1	41	20-420	wewngen	w e w ŋ e n	0.0	FALSE	0.223880597015
41-20-43-1	41	20-430	malon	m a l o n	0.0	FALSE	0.326388888889
41-20-44-1	41	20-440	ingkan	i ŋ k a n	0.0	FALSE	0.191011235955
41-20-45-1	41	20-450	lefmawün	l e f m a w ɨ n	0.0	FALSE	0.126811594203
41-20-46-1	41	20-460	entrekawün	e n ʈʂ e k a w ɨ n	1.0	FALSE	0.213235294118
41-20-47-1	41	20-470	kawtifangey	k a w t i f a ŋ e y	1.0	FALSE	0.392857142857
41-20-47-2	41	20-470	pürezu	p ɨ ɻ e z u	1.0	FALSE	0.392857142857
41-20-49-1	41	20-490	lloftun	ʎ o f t u n	0.0	FALSE	0.173387096774
41-20-51-1	41	20-510	challwafe	tʃ a ʎ w a f e	0.75	FALSE	0.178571428571
41-20-52-1	41	20-520	küli	k ɨ l i	0.0	FALSE	0.184931506849
41-20-61-1	41	20-610	nün	n ɨ n	0.0	FALSE	0.0952088452088
41-20-61-2	41	20-610	tun	t u n	0.0	FALSE	0.0952088452088
41-20-62-1	41	20-620	tralkatun	ʈʂ a l k a t u n	0.0	FALSE	0.0927750410509
41-20-63-1	41	20-630	lleqnon	ʎ e ɣ n o n	0.0	FALSE	0.158407798538
41-20-64-1	41	20-640	wachi	w a tʃ i	0.0	FALSE	0.235494880546
41-20-65-1	41	20-650	nün	n ɨ n	0.0	FALSE	0.0574712643678
41-21-11-1	41	21-110	ley	l e y	1.0	FALSE	0.630136986301
41-12-013-1	41	12-013	mew	m e w	0.0	FALSE	0.0527638190955
41-21-18-1	41	21-180	kues	k u e s	1.0	FALSE	0.544871794872
41-21-23-1	41	21-230	testiku	t e s t i k u	1.0	FALSE	0.576388888889
41-21-31-1	41	21-310	zallun	z a ʎ u n	0.0	FALSE	0.359550561798
41-21-33-1	41	21-330	kulpatun	k u l p a t u n	1.0	FALSE	0.213559322034
41-21-35-1	41	21-350	kulpafle	k u l p a f l e	1.0	FALSE	0.355128205128
41-21-37-1	41	21-370	kastiku	k a s t i k u	1.0	FALSE	0.613382899628
41-21-38-1	41	21-380	multa	m u l t a	1.0	FALSE	0.536231884058
41-21-39-1	41	21-390	karsel	k a ɻ s e l	1.0	FALSE	0.510204081633
41-21-42-1	41	21-420	ḻangümchen	l̪ a ŋ ɨ m tʃ e n	0.0	FALSE	0.140425531915
41-21-44-1	41	21-440	nüntungen	n ɨ n t u ŋ e n	0.0	FALSE	0.328767123288
41-21-46-1	41	21-460	lüftukun	l ɨ f t u k u n	0.75	FALSE	0.128424657534
41-21-51-1	41	21-510	weñen	w e ɲ e n	0.0	FALSE	0.130637636081
41-21-52-1	41	21-520	weñefe	w e ɲ e f e	0.0	FALSE	0.173267326733
41-22-11-1	41	22-110	relijion	ɻ e l i j i o n	1.0	FALSE	0.646666666667
41-22-12-1	41	22-120	dios/dio	θ i o s 	1.0	FALSE	0.365853658537
41-22-24-1	41	22-240	malisian	m a l i s i a n	1.0	FALSE	0.168604651163
41-22-42-1	41	22-420	kalkutun	k a l k u t u n	0.75	FALSE	0.336021505376
41-22-43-1	41	22-430	kalku	k a l k u	0.75	FALSE	0.230243161094
41-22-45-1	41	22-450	witranalwe	w i ʈʂ a n a l w e	0.0	FALSE	0.302013422819
41-22-47-1	41	22-470	perimol	p e ɻ i m o l	0.0	FALSE	0.350746268657
41-23-1-1	41	23-100	razio	ɻ a z i o	1.0	FALSE	
41-23-11-1	41	23-110	tele	t e l e	1.0	FALSE	
41-23-12-1	41	23-120	telefonu	t e l e f o n u	1.0	FALSE	
41-23-14-1	41	23-140	wingka kawell	w i ŋ k a # k a w e ʎ	1.0	FALSE	
41-23-14-2	41	23-140	auto	a u t o	1.0	FALSE	
41-23-16-1	41	23-160	afion	a f i o n	1.0	FALSE	
41-23-2-1	41	23-200	wingka lawentuwe ruka	w i ŋ k a # l a w e n t u w e # ɻ u k a	0.0	FALSE	
41-23-2-2	41	23-200	pital	p i t a l	1.0	FALSE	
41-23-22-1	41	23-220	ḻaweṉ	l̪ a w e n̪	0.0	FALSE	
41-23-53-1	41	23-530	kolchon	k o l tʃ o n	1.0	FALSE	
41-23-31-1	41	23-310	presidente	p ɻ e s i θ e n t e	1.0	FALSE	
41-23-32-1	41	23-320	ministro	m i n i s ʈʂ o	0.0	FALSE	
41-23-33-1	41	23-330	polisia	p o l i s i a	1.0	FALSE	
41-23-38-1	41	23-380	zullipresizenten	z u ʎ i p ɻ e s i z e n t e n	1.0	FALSE	
41-23-4-1	41	23-400	korew	k o ɻ e w	1.0	FALSE	
41-23-41-1	41	23-410	tampilla	t a m p i ʎ a	1.0	FALSE	
41-23-42-1	41	23-420	karta	k a ɻ t a	1.0	FALSE	
41-23-54-1	41	23-540	lata	l a t a	1.0	FALSE	
41-23-55-1	41	23-550	tornillu	t o ɻ n i ʎ u	1.0	FALSE	
41-23-555-1	41	23-555	entutornillan	e n t u t o ɻ n i ʎ a n	1.0	FALSE	
41-23-56-1	41	23-560	fotilla	f o t i ʎ a	1.0	FALSE	
41-23-565-1	41	23-565	patilla	p a t i ʎ a	1.0	FALSE	
41-23-24-1	41	23-240	antiojo	a n t i o j o	1.0	FALSE	
41-23-57-1	41	23-570	pülatiko	p ɨ l a t i k o	1.0	FALSE	
41-23-575-1	41	23-575	fomfa	f o m f a	1.0	FALSE	
41-23-59-1	41	23-590	pütrem	p ɨ ʈʂ e m	0.25	FALSE	
41-23-61-1	41	23-610	kalenzario	k a l e n z a ɻ i o	1.0	FALSE	
41-23-64-1	41	23-640	üḻ	ɨ l̪	0.0	FALSE	
41-23-385-1	41	23-385	zireksion	z i ɻ e k s i o n	1.0	FALSE	
41-23-155-1	41	23-155	türen	t ɨ ɻ e n	1.0	FALSE	
41-23-36-1	41	23-360	sertificaw	s e ɻ t i f i k a w	1.0	FALSE	
41-23-195-1	41	23-195	kütral ko	k ɨ ʈʂ a l # k o	0.0	FALSE	
41-23-19-1	41	23-190	makina	m a k i n a	1.0	FALSE	
41-23-13-1	41	23-130	sikleta	s i k l e t a	1.0	FALSE	
41-23-395-1	41	23-395	kalle	k a ʎ e	1.0	FALSE	
41-19-445-1	41	19-445	müñalün	m ɨ ɲ a l ɨ n	0.0	FALSE	
41-19-565-1	41	19-565	mangelün	m a ŋ e l ɨ n	0.0	FALSE	
41-23-35-1	41	23-350	patente	p a t e n t e	1.0	FALSE	
41-24-01-1	41	24-010	mülen	m ɨ l e n	0.0	FALSE	
41-24-13-1	41	24-130	ka femngechi	k a # f e m ŋ e tʃ i	0.0	FALSE	0.114942528736
41-24-06-1	41	24-060	-la	+ l a	0.0	FALSE	0.0354838709677
41-24-07-1	41	24-070	tüfachi	t ɨ f a tʃ i	0.0	FALSE	
41-24-08-1	41	24-080	tüfeychi	t ɨ f e y tʃ i	0.0	FALSE	
41-24-08-2	41	24-080	tüyechi	t ɨ y e tʃ i	0.0	FALSE	
41-24-09-1	41	24-090	faw	f a w	0.0	FALSE	
41-24-1-1	41	24-100	tüyemu	t ɨ y e m u	0.0	FALSE	
41-24-1-2	41	24-100	üyew	ɨ y e w	0.0	FALSE	
41-24-11-1	41	24-110	kangelu	k a ŋ e l u	0.0	FALSE	
41-4-493-1	41	4-493	kutri	k u ʈʂ i	0.0	FALSE	
41-23-9-1	41	23-900	te	t e	1.0	FALSE	
41-23-91-1	41	23-910	kafe	k a f e	1.0	FALSE	
41-24-12-1	41	24-120	püllelelu	p ɨ ʎ e l e l u	0.0	FALSE	
41-3-863-1	41	3-863	mara	m a ɻ a	0.0	FALSE	
41-3-865-1	41	3-865	füdü	f ɨ θ ɨ	0.0	FALSE	
41-8-29-1	41	8-290	llasu	ʎ a s u	1.0	FALSE	
41-7-67-1	41	7-670	sofaltrülken	s o f a l ʈʂ ɨ l k e n	1.0	FALSE	
41-6-98-1	41	6-980	tranu	ʈʂ a n u	0.0	FALSE	
41-8-996-1	41	8-996	ngülliw	ŋ ɨ ʎ i w	0.0	FALSE	
41-3-8112-1	41	3-811	pütrar	p ɨ ʈʂ a ɻ	0.0	TRUE	0.0493421052632
41-4-494-1	41	4-494	metru	m e ʈʂ u	0.0	FALSE	
41-9-93-1	41	9-930	yungumwe kura	y u ŋ u m w e # k u ɻ a	0.0	FALSE	
41-9-9-1	41	9-900	entukon	e n t u k o n	0.0	FALSE	
41-9-91-1	41	9-910	etaka	e t a k a	1.0	FALSE	
41-10-58-1	41	10-580	wiñotun	w i ɲ o t u n	0.0	FALSE	
41-1-831-1	41	1-831	würwan	w ɨ ɻ w a n	0.0	FALSE	0.225158562368
41-2-5-1	41	2-500	yom	y o m	0.0	FALSE	0.128378378378
41-2-6412-1	41	2-641	ngillañ	ŋ i ʎ a ɲ	0.0	FALSE	0.116810877627
41-2-6412-2	41	2-641	fillka	f i ʎ k a	0.0	FALSE	0.116810877627
41-2-6412-3	41	2-641	ñazu	ɲ a z u	0.0	FALSE	0.116810877627
41-2-6412-4	41	2-641	kürun	k ɨ ɻ u n	0.0	FALSE	0.116810877627
41-2-931-1	41	2-931	fey	f e y	0.0	FALSE	0.0580945003873
41-2-932-1	41	2-932	fey	f e y	0.0	FALSE	0.0531537916371
41-2-933-1	41	2-933	fey	f e y	0.0	FALSE	0.03367003367
41-4-741-1	41	4-741	mongen	m o ŋ e n	0.0	FALSE	0.283018867925
41-4-771-1	41	4-771	ḻa kulliñ	l̪ a # k u ʎ i ɲ	0.0	FALSE	0.263852242744
41-4-844-1	41	4-844	kutran	k u ʈʂ a n	0.0	FALSE	0.338235294118
41-11-29-1	41	11-290	üñfitun	ɨ ɲ f i t u n	0.0	FALSE	0.253125
41-12-081-1	41	12-081	wente	w e n t e	0.0	FALSE	0.0313088512241
41-12-081-2	41	12-081	senchu	s e n tʃ u	0.0	FALSE	0.0313088512241
41-13-331-1	41	13-331	kisulen	k i s u l e n	0.0	FALSE	0.102409638554
41-14-251-1	41	14-251	llitulu	ʎ i t u l u	0.0	FALSE	0.220588235294
41-14-411-1	41	14-411	antü	a n t ɨ	0.75	FALSE	0.190265486726
41-24-14-1	41	24-140	chem no rume	tʃ e m # n o # ɻ u m e	0.0	FALSE	0.106382978723
41-4-7501-1	41	4-750	ḻa	l̪ a	0.0	FALSE	0.204545454545
41-4-8541-1	41	4-854	ünan	ɨ n a n	0.0	FALSE	0.0925196850394
41-9-111-1	41	9-111	zewman	z e w m a n	0.0	FALSE	0.0799637899819
41-4-431-1	41	4-431	pütra	p ɨ ʈʂ a	0.75	FALSE	0.156612529002
41-9-311-1	41	9-311	lipümün	l i p ɨ m ɨ n	0.0	FALSE	0.13961038961
41-1-775-1	41	1-775	trangliñün	ʈʂ a ŋ l i ɲ ɨ n	0.0	FALSE	0.130136986301
41-24-04-1	41	24-040	mew	m e w	0.0	FALSE	0.09375
41-24-04-2	41	24-040	engu	e ŋ u	0.0	FALSE	0.09375
41-12-012-1	41	12-012	mew	m e w	0.0	FALSE	0.0520504731861
41-3-99908-1	41	3-999	wuketril	w u k e ʈʂ i l	0.5	FALSE	
41-3-99909-1	41	3-999	tartajar	t a ɻ t a j a ɻ	1.0	FALSE	
41-3-99913-1	41	3-999	mañke	m a ɲ k e	0.0	FALSE	
41-3-99931-1	41	3-999	chuwuz	tʃ u w u z	0.5	FALSE	
41-3-99935-1	41	3-999	churchur	tʃ u ɻ tʃ u ɻ	0.75	FALSE	
41-3-99942-1	41	3-999	nawel	n a w e l	0.0	FALSE	
41-3-99942-2	41	3-999	tigre	t i ɰ ɻ e	1.0	FALSE	
41-5-99906-1	41	5-999	galleta	ɰ a ʎ e t a	1.0	FALSE	
41-6-99901-1	41	6-999	folso	f o l s o	1.0	FALSE	
41-6-99901-2	41	6-999	folsa	f o l s a	1.0	FALSE	
41-6-99901-3	41	6-999	wallka	w a ʎ k a	0.75	FALSE	
41-6-99907-1	41	6-999	ekota	e k o t a	1.0	FALSE	
41-6-99909-1	41	6-999	felantar	f e l a n t a ɻ	1.0	FALSE	
41-7-99901-1	41	7-999	wangku	w a ŋ k u	0.0	FALSE	
41-8-99918-1	41	8-999	wañu	w a ɲ u	0.75	FALSE	
41-8-99922-1	41	8-999	muye	m u y e	0.5	FALSE	
41-8-99926-1	41	8-999	awar	a w a ɻ	1.0	FALSE	
41-8-99929-1	41	8-999	yüskalaw	y ɨ s k a l a w	1.0	FALSE	
41-8-99952-1	41	8-999	napor	n a p o ɻ	1.0	FALSE	
41-8-99957-1	41	8-999	weike	w e i k e	1.0	FALSE	
41-8-99957-2	41	8-999	sause	s a u s e	1.0	FALSE	
41-8-99959-1	41	8-999	külüf	k ɨ l ɨ f	0.75	FALSE	
41-9-99901-1	41	9-999	faril	f a ɻ i l	1.0	FALSE	
41-9-99904-1	41	9-999	kawle	k a w l e	1.0	FALSE	
41-9-99915-1	41	9-999	lapi	l a p i	1.0	FALSE	
41-9-99922-1	41	9-999	ispwela	i s p w e l a	1.0	FALSE	
41-9-99933-1	41	9-999	fürollan	f ɨ ɻ o ʎ a n	1.0	FALSE	
41-10-99901-1	41	10-999	kompañaeyew	k o m p a ɲ a e y e w	1.0	FALSE	
41-10-99905-1	41	10-999	angkashün	a ŋ k a ʃ ɨ n	1.0	FALSE	
41-11-99907-1	41	11-999	resiwi-	ɻ e s i w i +	1.0	FALSE	
41-15-99901-1	41	15-999	chumul	tʃ u m u l	0.5	FALSE	
41-16-99903-1	41	16-999	kürasia	k ɨ ɻ a s i a	1.0	FALSE	
41-16-99909-1	41	16-999	kekawün	k e k a w ɨ n	1.0	FALSE	
41-16-9991-1	41	16-999	entusiasmawün	e n t u s i a s m a w ɨ n	1.0	FALSE	
41-17-99906-1	41	17-999	estudio	e s t u θ i o	1.0	FALSE	
41-19-9991-1	41	19-999	don	θ o n	1.0	FALSE	
41-19-99921-1	41	19-999	kapatangen	k a p a t a ŋ e n	1.0	FALSE	
41-19-99928-1	41	19-999	kompañ	k o m p a ɲ	1.0	FALSE	
41-19-99934-1	41	19-999	sosialimu	s o s i a l i m u	1.0	FALSE	
41-19-99941-1	41	19-999	repetan	ɻ e p e t a n	1.0	FALSE	
41-19-99941-2	41	19-999	yewewün	y e w e w ɨ n	0.0	FALSE	
41-20-99908-1	41	20-999	pekan	p e k a n	1.0	FALSE	
41-20-99908-2	41	20-999	challwan	tʃ a ʎ w a n	0.75	FALSE	
41-21-99901-1	41	21-999	awokaw	a w o k a w	1.0	FALSE	
41-24-99902-1	41	24-999	pwede	p w e θ e	1.0	FALSE	
41-24-99905-1	41	24-999	cha	tʃ a	0.75	FALSE	
41-19-99944-1	41	19-999	mate	m a t e	1.0	FALSE	